"index","image","produto","loja","reviews rating number","reviews amount","source","data_coleta","price"
0,https://http2.mlstatic.com/D_NQ_NP_956003-MLU74996849449_032024-W.webp,Arandela Alumínio 5 Vidros Com 45 Cm Para 2x Lâmpadas E27 Cor Preto,nao_informado,"4.9",20,https://lista.mercadolivre.com.br/luminarias-arandelas-externas,"2024-06-13 22:12:12.124779",128.85
1,https://http2.mlstatic.com/D_NQ_NP_653196-MLU75210004232_032024-W.webp,Trilho Eletrificado Preto 1m + 4 Spots 7w Qualidade Cor Preto Quente,nao_informado,"4.8",64,https://lista.mercadolivre.com.br/luminarias-arandelas-externas,"2024-06-13 22:12:12.124779",64.22
2,https://http2.mlstatic.com/D_NQ_NP_883562-MLU74126713025_012024-W.webp,Arandela Eclipse Luz Indireta 12w 3000k Ip65 Led Integrado Cor Preto 110V/220V,nao_informado,"4.7",46,https://lista.mercadolivre.com.br/luminarias-arandelas-externas,"2024-06-13 22:12:12.124779",63.01
3,https://http2.mlstatic.com/D_NQ_NP_906070-MLU71779339548_092023-W.webp,Arandela Slim 2 Frisos 2 Focos 12x12x4 Cm Externa Cor Preto 110V/220V,por Forteled,"4.6",422,https://lista.mercadolivre.com.br/luminarias-arandelas-externas,"2024-06-13 22:12:12.124779",25.19
4,https://http2.mlstatic.com/D_NQ_NP_732091-MLU73486025152_122023-W.webp,Arandela Mini Slim Moderna Efeito Interna Externa Mf143 Preto,por Forteled,"4.5",104,https://lista.mercadolivre.com.br/luminarias-arandelas-externas,"2024-06-13 22:12:12.124779",25.19
5,https://http2.mlstatic.com/D_NQ_NP_936518-MLU71832564943_092023-W.webp,Arandelas Slim Externa Alumínio 2 Frisos 2 Fachos Mf103 Cor Branco 110V/220V,por Forteled,"4.6",422,https://lista.mercadolivre.com.br/luminarias-arandelas-externas,"2024-06-13 22:12:12.124779",25.19
6,https://http2.mlstatic.com/D_NQ_NP_941396-MLU75468292268_042024-W.webp,Arandela Alumínio 2 Focos Externa Interna + Lâmpada 5w 3000k quente Inclusa 6205,nao_informado,"4.6",177,https://lista.mercadolivre.com.br/luminarias-arandelas-externas,"2024-06-13 22:12:12.124779",38.06
7,https://http2.mlstatic.com/D_NQ_NP_813826-MLU73552074839_122023-W.webp,Luminária Arandela Tartaruga Externa Grade e-27 Preto 110V/220V,nao_informado,"4.5",746,https://lista.mercadolivre.com.br/luminarias-arandelas-externas,"2024-06-13 22:12:12.124779",19.39
8,https://http2.mlstatic.com/D_NQ_NP_741698-MLU73410060620_122023-W.webp,Arandela Externa Led Facho Duplo Ajustável 5w Ip66 Luz 3000k Cor Preto,nao_informado,"4.8",64,https://lista.mercadolivre.com.br/luminarias-arandelas-externas,"2024-06-13 22:12:12.124779",39.8
9,https://http2.mlstatic.com/D_NQ_NP_941127-MLB74757128865_022024-W.webp,Arandela De Parede Pendente Luminária Aramado Diamante Preto,nao_informado,"4.7",322,https://lista.mercadolivre.com.br/luminarias-arandelas-externas,"2024-06-13 22:12:12.124779",29.9
10,https://http2.mlstatic.com/D_NQ_NP_700734-MLB70299993541_072023-W.webp,"10 Balizador Led Slim 3000k 4w Bivolt Parede Escada Muro",nao_informado,"4.4",25,https://lista.mercadolivre.com.br/luminarias-arandelas-externas,"2024-06-13 22:12:12.124779",199.17
11,https://http2.mlstatic.com/D_NQ_NP_865191-MLB54813235478_042023-W.webp,"4x Arandela Externa 2 Focos Friso Parede Muro + Led Incluso",por DAZ Iluminacao,"4.7",51,https://lista.mercadolivre.com.br/luminarias-arandelas-externas,"2024-06-13 22:12:12.124779",149.99
12,https://http2.mlstatic.com/D_NQ_NP_833578-MLB71069644589_082023-W.webp, Arandela De Parede Externa E Interna Para Muro E Parede,nao_informado,"4.3",759,https://lista.mercadolivre.com.br/luminarias-arandelas-externas,"2024-06-13 22:12:12.124779",24.99
13,https://http2.mlstatic.com/D_NQ_NP_617581-MLB41069867710_032020-W.webp,Kit 10 Luminária Arandela Tartaruga Externa Com Grade OPL Cor Preto 110v/220v,nao_informado,"4.5",746,https://lista.mercadolivre.com.br/luminarias-arandelas-externas,"2024-06-13 22:12:12.124779",71.9
14,https://http2.mlstatic.com/D_NQ_NP_662383-MLU71779339570_092023-W.webp,Arandela Slim 2 Fachos 2 Frisos Externo Muro Parede Mf103 Cor Marrom 110V/220V,por Forteled,"4.6",422,https://lista.mercadolivre.com.br/luminarias-arandelas-externas,"2024-06-13 22:12:12.124779",25.19
15,https://http2.mlstatic.com/D_NQ_NP_954245-MLU71900818222_092023-W.webp,Arandela Externa Eco 3 Frisos E 2 Focos Alumínio Parede Muro Preto Para Lâmpada Comum Soquete E27 Mf130,por WS Distribuidora,"4.8",220,https://lista.mercadolivre.com.br/luminarias-arandelas-externas,"2024-06-13 22:12:12.124779",38.74
16,https://http2.mlstatic.com/D_NQ_NP_652944-MLB49015308712_022022-W.webp,Arandela Externa Colonial Vintage Retro Quadrada Preto 336 127V/220V,nao_informado,"4.5",591,https://lista.mercadolivre.com.br/luminarias-arandelas-externas,"2024-06-13 22:12:12.124779",60.87
17,https://http2.mlstatic.com/D_NQ_NP_717259-MLU74098845889_012024-W.webp,Arandela Externa 2 Focos E Frisos Parede Muro + Led Incluso Cor Preto Led Quente,por DAZ Iluminacao,"4.8",201,https://lista.mercadolivre.com.br/luminarias-arandelas-externas,"2024-06-13 22:12:12.124779",44.99
18,https://http2.mlstatic.com/D_NQ_NP_833301-MLB76647742829_052024-W.webp,Arandela Ext Led Facho Duplo Ajustável 5w Ip66 Luz 3000k Pto,nao_informado,"4.6",44,https://lista.mercadolivre.com.br/luminarias-arandelas-externas,"2024-06-13 22:12:12.124779",65.9
19,https://http2.mlstatic.com/D_NQ_NP_760450-MLB74299008074_022024-W.webp,Arandela Triangulo 2 Vidros Em Alumínio- Soquete E27,nao_informado,"4.5",18,https://lista.mercadolivre.com.br/luminarias-arandelas-externas,"2024-06-13 22:12:12.124779",61.33
20,https://http2.mlstatic.com/D_NQ_NP_639121-MLB75340620269_032024-W.webp,Kit 10 Arandela Led Tartaruga Bivolt 15w Branco Frio,nao_informado,"4.8",22,https://lista.mercadolivre.com.br/luminarias-arandelas-externas,"2024-06-13 22:12:12.124779",113.8
21,https://http2.mlstatic.com/D_NQ_NP_993912-MLU73467799544_122023-W.webp,"4x Arandela Solar 2 Focos Parede Slim 10 Fachos Led Externa Cor Branco Quente 10 LED",por GoldenSky,"3.9",284,https://lista.mercadolivre.com.br/luminarias-arandelas-externas,"2024-06-13 22:12:12.124779",78.99
22,https://http2.mlstatic.com/D_NQ_NP_637064-MLU72362058511_102023-W.webp,Arandela 2 Focos E 2 Frisos Externa Parede Muro MF115 Cor Preto,por Forteled,"4.6",234,https://lista.mercadolivre.com.br/luminarias-arandelas-externas,"2024-06-13 22:12:12.124779",27.49
23,https://http2.mlstatic.com/D_NQ_NP_939110-MLB52113764902_102022-W.webp,Arandela Led Tartaruga Phare 24w Ilum Externa À Prova D'água Cor Branco,nao_informado,"4.7",385,https://lista.mercadolivre.com.br/luminarias-arandelas-externas,"2024-06-13 22:12:12.124779",31.12
24,https://http2.mlstatic.com/D_NQ_NP_640247-MLU74193758973_012024-W.webp,"10x Arandela Parede Externa Mini Slim 2 Frisos G9 MF143",por WS Distribuidora,"4.5",104,https://lista.mercadolivre.com.br/luminarias-arandelas-externas,"2024-06-13 22:12:12.124779",204.74
25,https://http2.mlstatic.com/D_NQ_NP_793651-MLU73553093331_122023-W.webp,Luminária Arandela De Parede Estilo Industrial Preto E Cobre 110V/220V,nao_informado,"4.7",185,https://lista.mercadolivre.com.br/luminarias-arandelas-externas,"2024-06-13 22:12:12.124779",62.04
26,https://http2.mlstatic.com/D_NQ_NP_670796-MLU73009129817_112023-W.webp,Arandela Externa 5 Vidros Alumínio Muro Parede E27 Cor Branco,por DAZ Iluminacao,"4.7",460,https://lista.mercadolivre.com.br/luminarias-arandelas-externas,"2024-06-13 22:12:12.124779",47.99
27,https://http2.mlstatic.com/D_NQ_NP_660701-MLU75358792775_032024-W.webp,Arandela Solar Parede Externo Led Filamento Colonial Vintage Cor Preto 3.7V,nao_informado,"4.4",199,https://lista.mercadolivre.com.br/luminarias-arandelas-externas,"2024-06-13 22:12:12.124779",32.9
28,https://http2.mlstatic.com/D_NQ_NP_915850-MLU74218935843_012024-W.webp,Luminária Parede Taschibra Tartaruga Phare 24w 6500k Bivolt 110V/220V,nao_informado,"4.7",385,https://lista.mercadolivre.com.br/luminarias-arandelas-externas,"2024-06-13 22:12:12.124779",38.8
29,https://http2.mlstatic.com/D_NQ_NP_665371-MLU73473159468_122023-W.webp,Kit 10 Luminária Arandela Tartaruga Externa Sem Grade E27 Cor Branco,nao_informado,"4.5",135,https://lista.mercadolivre.com.br/luminarias-arandelas-externas,"2024-06-13 22:12:12.124779",65.67
30,https://http2.mlstatic.com/D_NQ_NP_643475-MLU75800294381_042024-W.webp,Arandela Slim 2 Frisos Luminária Moderna Interna Ou Externa Cor Preto,nao_informado,"4.4",129,https://lista.mercadolivre.com.br/luminarias-arandelas-externas,"2024-06-13 22:12:12.124779",17.92
31,https://http2.mlstatic.com/D_NQ_NP_707666-MLU76131637251_052024-W.webp,Kit 10 Luminária Arandela Tartaruga Externa Com Grade   110v/220v,nao_informado,"4.5",746,https://lista.mercadolivre.com.br/luminarias-arandelas-externas,"2024-06-13 22:12:12.124779",71.9
32,https://http2.mlstatic.com/D_NQ_NP_775131-MLB29906985602_042019-W.webp,Arandela Led 5w Externa Alumínio 2 Friso Lampada Inclusa,nao_informado,"4.6",1276,https://lista.mercadolivre.com.br/luminarias-arandelas-externas,"2024-06-13 22:12:12.124779",29.9
33,https://http2.mlstatic.com/D_NQ_NP_615428-MLU73467836952_122023-W.webp,Arandela Slim Inter Externa Alumínio 2 Friso Moderna St2527 Cor Branco 110V/220V,por Starlumen,"4.6",437,https://lista.mercadolivre.com.br/luminarias-arandelas-externas,"2024-06-13 22:12:12.124779",34.04
34,https://http2.mlstatic.com/D_NQ_NP_758992-MLU75261599533_032024-W.webp,Arandela 5 Vidros Branca Uso Externo Garagem Soquete E27 Comum Mf109,por WS Distribuidora,"4.6",77,https://lista.mercadolivre.com.br/luminarias-arandelas-externas,"2024-06-13 22:12:12.124779",76.26
35,https://http2.mlstatic.com/D_NQ_NP_616067-MLU71900818032_092023-W.webp,Arandela Externa Eco 3 Frisos E 2 Focos Alumínio Parede Muro Branco Para Lâmpada Comum Soquete E27 Mf130,por WS Distribuidora,"4.8",220,https://lista.mercadolivre.com.br/luminarias-arandelas-externas,"2024-06-13 22:12:12.124779",38.74
36,https://http2.mlstatic.com/D_NQ_NP_941127-MLB74757128865_022024-W.webp,Arandela De Parede Pendente Luminária Aramado Diamante Preto,nao_informado,"4.7",322,https://lista.mercadolivre.com.br/luminarias-arandelas-externas,"2024-06-13 22:12:12.124779",29.9
37,https://http2.mlstatic.com/D_NQ_NP_967876-MLU69682255211_052023-W.webp,Arandela Parede Muro Externa Interna Policarbonato Branca Cor Branco 110V/220V,nao_informado,"4.8",13,https://lista.mercadolivre.com.br/luminarias-arandelas-externas,"2024-06-13 22:12:12.124779",29.27
38,https://http2.mlstatic.com/D_NQ_NP_908332-MLU74085577212_012024-W.webp,Arandela Mini Slim 2 Focos Externo Muro Parede Mf143 Cor Branco 110v/220v,por Forteled,"4.5",104,https://lista.mercadolivre.com.br/luminarias-arandelas-externas,"2024-06-13 22:12:12.124779",25.19
39,https://http2.mlstatic.com/D_NQ_NP_657694-MLU73461370270_122023-W.webp,Arandela Focos Fachos Frisos 30cm P/ 2 Lâmpadas E27 St1286 Cor Preto 110V 220V (Bivolt),por Starlumen,"4.7",226,https://lista.mercadolivre.com.br/luminarias-arandelas-externas,"2024-06-13 22:12:12.124779",49.63
40,https://http2.mlstatic.com/D_NQ_NP_650428-MLU72374328703_102023-W.webp,Arandela 2 Focos E Frisos Externa Parede Muro Mf115 Cor Marrom Bivolt,por Forteled,"4.6",234,https://lista.mercadolivre.com.br/luminarias-arandelas-externas,"2024-06-13 22:12:12.124779",27.49
41,https://http2.mlstatic.com/D_NQ_NP_713520-MLU72931106430_112023-W.webp,Arandela Externa 5 Vidros Alumínio Muro Parede E27 Cor Preto,por DAZ Iluminacao,"4.7",460,https://lista.mercadolivre.com.br/luminarias-arandelas-externas,"2024-06-13 22:12:12.124779",47.99
42,https://http2.mlstatic.com/D_NQ_NP_997869-MLU73726912188_012024-W.webp,"2x Arandela Solar 2 Focos Parede Slim 10 Fachos Led Externa Cor Branco Quente 10 LED",por GoldenSky,"4.0",604,https://lista.mercadolivre.com.br/luminarias-arandelas-externas,"2024-06-13 22:12:12.124779",41.89
43,https://http2.mlstatic.com/D_NQ_NP_825987-MLU70681285376_072023-W.webp,Arandela Slim Branca Ajustável Parede Led Integrado 3w Cor Branco bivolt,nao_informado,"4.8",51,https://lista.mercadolivre.com.br/luminarias-arandelas-externas,"2024-06-13 22:12:12.124779",57.35
44,https://http2.mlstatic.com/D_NQ_NP_933843-MLU73468953592_122023-W.webp,Arandela 4 Vidros Triângulo Alumínio Externa E27 Parede Muro Cor Preto,nao_informado,"4.7",132,https://lista.mercadolivre.com.br/luminarias-arandelas-externas,"2024-06-13 22:12:12.124779",49.9
45,https://http2.mlstatic.com/D_NQ_NP_639939-MLU71814369661_092023-W.webp,"2 X Arandela Solar 4 Focos Parede Slim 12 Fachos Led Externa Cor Amarelo 3000K",por GoldenSky,"4.0",604,https://lista.mercadolivre.com.br/luminarias-arandelas-externas,"2024-06-13 22:12:12.124779",61.99
46,https://http2.mlstatic.com/D_NQ_NP_634873-MLU74338207481_022024-W.webp,Arandela Externa Luminária Parede Alumínio G9 Mf180 Cor Branco 110V/220V,por Forteled,"5.0",4,https://lista.mercadolivre.com.br/luminarias-arandelas-externas,"2024-06-13 22:12:12.124779",29.59
47,https://http2.mlstatic.com/D_NQ_NP_915238-MLU73565685781_122023-W.webp,"4 Luminárias Arandela Led Meia Lua (cor Preta) 8w E 8 Fachos Cor Branco Bivolt",nao_informado,"4.2",18,https://lista.mercadolivre.com.br/luminarias-arandelas-externas,"2024-06-13 22:12:12.124779",140.61
48,https://http2.mlstatic.com/D_NQ_NP_796455-MLU73543847154_122023-W.webp,"2 X Arandela Solar 4 Focos Parede Slim 12 Fachos Led Externa Cor Branco",por GoldenSky,"4.0",604,https://lista.mercadolivre.com.br/luminarias-arandelas-externas,"2024-06-13 22:12:12.124779",61.99
49,https://http2.mlstatic.com/D_NQ_NP_797818-MLU71900818216_092023-W.webp,Arandela Externa Eco 3 Frisos E 2 Focos Alumínio Parede Muro Marrom P/ Lâmpada Comum Soquete E27 Mf130,nao_informado,"4.8",220,https://lista.mercadolivre.com.br/luminarias-arandelas-externas,"2024-06-13 22:12:12.124779",35.99
50,https://http2.mlstatic.com/D_NQ_NP_697802-MLU74231079219_012024-W.webp,Kit 2x Balizador Led 2w 4x2 Avant Branco Quente 3000k 110v/220v,nao_informado,,0,https://lista.mercadolivre.com.br/luminarias-arandelas-externas,"2024-06-13 22:12:12.124779",57.9
51,https://http2.mlstatic.com/D_NQ_NP_878567-MLU76226495553_052024-W.webp,Arandela Efeito 1 Facho 1 Foco Parede Muro Externa 1211 Full,por Ideallume,,0,https://lista.mercadolivre.com.br/luminarias-arandelas-externas,"2024-06-13 22:12:12.124779",27.9
52,https://http2.mlstatic.com/D_NQ_NP_727520-MLB52510305344_112022-W.webp,"6 Arandela Preta Massuia Externa E Interna 6 Lâmpada Led 5w",nao_informado,"4.5",154,https://lista.mercadolivre.com.br/luminarias-arandelas-externas,"2024-06-13 22:12:12.124779",220.25
53,https://http2.mlstatic.com/D_NQ_NP_994471-MLU72919937814_112023-W.webp,Arandela Externa 5 Vidros Alumínio Muro Parede E27 Cor Marrom,por DAZ Iluminacao,"4.7",460,https://lista.mercadolivre.com.br/luminarias-arandelas-externas,"2024-06-13 22:12:12.124779",47.99
54,https://http2.mlstatic.com/D_NQ_NP_776350-MLU76130314717_052024-W.webp,Kit 4 Arandelas 2 Foco E 2 Friso Externa Parede Muro Ar1510,por Ideallume,,0,https://lista.mercadolivre.com.br/luminarias-arandelas-externas,"2024-06-13 22:12:12.124779",109.9
55,https://http2.mlstatic.com/D_NQ_NP_845262-MLU73568518411_122023-W.webp,Arandela Box Com Abas Efeito Luminária Externa Cor Preto,por DAZ Iluminacao,"4.4",66,https://lista.mercadolivre.com.br/luminarias-arandelas-externas,"2024-06-13 22:12:12.124779",57.9
56,https://http2.mlstatic.com/D_NQ_NP_713520-MLU72931106430_112023-W.webp,Arandela Externa 5 Vidros Alumínio Muro Parede E27 Cor Preto,por DAZ Iluminacao,"4.7",460,https://lista.mercadolivre.com.br/luminarias-arandelas-externas,"2024-06-13 22:12:12.124779",47.99
57,https://http2.mlstatic.com/D_NQ_NP_727520-MLB52510305344_112022-W.webp,"6 Arandela Preta Massuia Externa E Interna 6 Lâmpada Led 5w",nao_informado,"4.5",154,https://lista.mercadolivre.com.br/luminarias-arandelas-externas,"2024-06-13 22:12:12.124779",220.25
58,https://http2.mlstatic.com/D_NQ_NP_994471-MLU72919937814_112023-W.webp,Arandela Externa 5 Vidros Alumínio Muro Parede E27 Cor Marrom,por DAZ Iluminacao,"4.7",460,https://lista.mercadolivre.com.br/luminarias-arandelas-externas,"2024-06-13 22:12:12.124779",47.99
59,https://http2.mlstatic.com/D_NQ_NP_610096-MLU76085145357_042024-W.webp,Arandela 2 Focos Externa Parede Muro Alumínio Ar1110 Full,por Ideallume,,0,https://lista.mercadolivre.com.br/luminarias-arandelas-externas,"2024-06-13 22:12:12.124779",23.9
60,https://http2.mlstatic.com/D_NQ_NP_703566-MLB73851853839_012024-W.webp,Arandela Colonial Preto Alumínio Muro Parede Externa Ar2001,nao_informado,"4.9",17,https://lista.mercadolivre.com.br/luminarias-arandelas-externas,"2024-06-13 22:12:12.124779",99.19
61,https://http2.mlstatic.com/D_NQ_NP_606942-MLU73566059547_122023-W.webp,Luminária Arandela Tartaruga Externa Com Grade E-27 Bulbo Cor Branco,nao_informado,"4.5",30,https://lista.mercadolivre.com.br/luminarias-arandelas-externas,"2024-06-13 22:12:12.124779",17.17
62,https://http2.mlstatic.com/D_NQ_NP_786364-MLU71718385038_092023-W.webp,Arandela 2 Focos E Frisos Externa Interna Parede Muro Ar1015 Cor Preto 110V/220V,por Ideallume,"4.6",432,https://lista.mercadolivre.com.br/luminarias-arandelas-externas,"2024-06-13 22:12:12.124779",23.05
63,https://http2.mlstatic.com/D_NQ_NP_700734-MLB70299993541_072023-W.webp,"10 Balizador Led Slim 3000k 4w Bivolt Parede Escada Muro",nao_informado,"4.4",25,https://lista.mercadolivre.com.br/luminarias-arandelas-externas,"2024-06-13 22:12:12.124779",199.17
64,https://http2.mlstatic.com/D_NQ_NP_865191-MLB54813235478_042023-W.webp,"4x Arandela Externa 2 Focos Friso Parede Muro + Led Incluso",por DAZ Iluminacao,"4.7",51,https://lista.mercadolivre.com.br/luminarias-arandelas-externas,"2024-06-13 22:12:12.124779",149.99
65,https://http2.mlstatic.com/D_NQ_NP_955838-MLU74309917919_012024-W.webp,Arandela 213 Alumínio 5 Vidros Foco Externa Muro Parede E27 Cor Branco,nao_informado,"4.6",141,https://lista.mercadolivre.com.br/luminarias-arandelas-externas,"2024-06-13 22:12:12.124779",53.7
66,https://http2.mlstatic.com/D_NQ_NP_878208-MLB46022433442_052021-W.webp,Arandela Maresia Interna/externa Mini Finestra Policarbonato Cor Preto 110V/220V (Bivolt),nao_informado,"4.3",19,https://lista.mercadolivre.com.br/luminarias-arandelas-externas,"2024-06-13 22:12:12.124779",29.24
67,https://http2.mlstatic.com/D_NQ_NP_829918-MLU73566751305_122023-W.webp,Arandela 4 Vidros Triângulo Alumínio Externa E27 Parede Muro Cor Branco,nao_informado,"4.7",132,https://lista.mercadolivre.com.br/luminarias-arandelas-externas,"2024-06-13 22:12:12.124779",49.9
68,https://http2.mlstatic.com/D_NQ_NP_745187-MLU70113096303_062023-W.webp,Arandela Balizador Led Pix Ajustável Ip65 Facho Duplo 3000k Cor Branco Voltagem Bivolt ( Tanto Em 110v Como Em 220v,nao_informado,"4.6",18,https://lista.mercadolivre.com.br/luminarias-arandelas-externas,"2024-06-13 22:12:12.124779",49.9
69,https://http2.mlstatic.com/D_NQ_NP_914442-MLU75358712099_032024-W.webp,"2x Arandela Solar Slim 2 Focos Luminaria Parede Externa Ip65",por GoldenSky,"4.3",144,https://lista.mercadolivre.com.br/luminarias-arandelas-externas,"2024-06-13 22:12:12.124779",41.89
70,https://http2.mlstatic.com/D_NQ_NP_998833-MLU73466072008_122023-W.webp,Arandela 2 Focos Alumínio 22 Cm Interna Externa Dicroica 202 Cor Preto Texturizado,nao_informado,"4.6",41,https://lista.mercadolivre.com.br/luminarias-arandelas-externas,"2024-06-13 22:12:12.124779",49.24
71,https://http2.mlstatic.com/D_NQ_NP_724763-MLU75260265211_032024-W.webp,Arandela Externa 5 Vidros Soquetes E27 Barata Comum Mf109 Cor Preto 110V/220V,por Forteled,"4.6",77,https://lista.mercadolivre.com.br/luminarias-arandelas-externas,"2024-06-13 22:12:12.124779",46.09
72,https://http2.mlstatic.com/D_NQ_NP_707500-MLU76247888999_052024-W.webp,Arandela Colonial Dourado Alumínio Muro Parede Externa,nao_informado,"5.0",5,https://lista.mercadolivre.com.br/luminarias-arandelas-externas,"2024-06-13 22:12:12.124779",103.87
73,https://http2.mlstatic.com/D_NQ_NP_699692-MLU73651753854_012024-W.webp,"2x Arandela Solar 2 Focos Parede Slim 10 Fachos Led Externa Cor Branco Frio 10 LED",por GoldenSky,"4.0",604,https://lista.mercadolivre.com.br/luminarias-arandelas-externas,"2024-06-13 22:12:12.124779",41.89
74,https://http2.mlstatic.com/D_NQ_NP_931565-MLU74221095202_012024-W.webp,Arandela De Parede Externa 6w Luminária Efeito Cor Branco,por DAZ Iluminacao,"4.5",35,https://lista.mercadolivre.com.br/luminarias-arandelas-externas,"2024-06-13 22:12:12.124779",42.99
75,https://http2.mlstatic.com/D_NQ_NP_845262-MLU73568518411_122023-W.webp,Arandela Box Com Abas Efeito Luminária Externa Cor Preto,por DAZ Iluminacao,"4.4",66,https://lista.mercadolivre.com.br/luminarias-arandelas-externas,"2024-06-13 22:12:12.124779",57.9
76,https://http2.mlstatic.com/D_NQ_NP_654985-MLU73461325260_122023-W.webp,Arandela Slim Inter Externa Alumínio 2 Friso Moderna St2527 Cor Marrom 110V/220V,por Starlumen,"4.6",437,https://lista.mercadolivre.com.br/luminarias-arandelas-externas,"2024-06-13 22:12:12.124779",34.04
77,https://http2.mlstatic.com/D_NQ_NP_969636-MLU69865291507_062023-W.webp,Arandela Externa Direcionável 12cm Gu10 P/ Dicroica M4490 Cor Preto,por Espaco da Luz,"3.9",92,https://lista.mercadolivre.com.br/luminarias-arandelas-externas,"2024-06-13 22:12:12.124779",38.9
78,https://http2.mlstatic.com/D_NQ_NP_746273-MLU76222177929_052024-W.webp,"1x Arandela Duplo Facho Longo Externa Dicroica Alumínio Luminária Parede MF164 Cor Branco 110V/220V",por Forteled,"4.9",14,https://lista.mercadolivre.com.br/luminarias-arandelas-externas,"2024-06-13 22:12:12.124779",40.59
79,https://http2.mlstatic.com/D_NQ_NP_711763-MLU75260265061_032024-W.webp,Arandela 5 Vidros Uso Externo Garagem Soquete E27 Mf109 Cor Marrom,por WS Distribuidora,"4.6",77,https://lista.mercadolivre.com.br/luminarias-arandelas-externas,"2024-06-13 22:12:12.124779",76.26
80,https://http2.mlstatic.com/D_NQ_NP_922477-MLU71900768456_092023-W.webp,Arandela Slim 2 Fachos 6 Frisos Externo Muro Parede Mf101 Cor Branco 110V/220V,por WS Distribuidora,"4.8",13,https://lista.mercadolivre.com.br/luminarias-arandelas-externas,"2024-06-13 22:12:12.124779",23.31
81,https://http2.mlstatic.com/D_NQ_NP_755029-MLU73459532082_122023-W.webp,Arandela De Aluminio E27 Bivolt Preto Rioprelustres 6213,nao_informado,"4.6",141,https://lista.mercadolivre.com.br/luminarias-arandelas-externas,"2024-06-13 22:12:12.124779",42.81
82,https://http2.mlstatic.com/D_NQ_NP_950500-MLB29906910514_042019-W.webp,Arandela Slim Interna Externa Alumínio 2 Friso Moderna,nao_informado,"4.6",3150,https://lista.mercadolivre.com.br/luminarias-arandelas-externas,"2024-06-13 22:12:12.124779",22.9
83,https://http2.mlstatic.com/D_NQ_NP_755933-MLU72714589141_112023-W.webp,Arandela Parede Muro Externa Interna Slim Alumínio Moderna Para Lâmpada G9 Preto Mf123,por Forteled,"4.6",13,https://lista.mercadolivre.com.br/luminarias-arandelas-externas,"2024-06-13 22:12:12.124779",31.77
84,https://http2.mlstatic.com/D_NQ_NP_996495-MLB47690337979_092021-W.webp,Arandela Duo Blindada Efeito 2 Fachos Duplo Led 4w 3000k Cor Preto,nao_informado,"4.8",60,https://lista.mercadolivre.com.br/luminarias-arandelas-externas,"2024-06-13 22:12:12.124779",37.24
85,https://http2.mlstatic.com/D_NQ_NP_985476-MLB51183376582_082022-W.webp,Luminaria Parede Arandelas Externas Arandela Tartaruga Preto,nao_informado,"4.5",63,https://lista.mercadolivre.com.br/luminarias-arandelas-externas,"2024-06-13 22:12:12.124779",29.4
86,https://http2.mlstatic.com/D_NQ_NP_861230-MLB73927067811_012024-W.webp,Arandela 2 Focos E Frisos Externa Interna Parede Ar1015 Full,por Ideallume,"4.7",116,https://lista.mercadolivre.com.br/luminarias-arandelas-externas,"2024-06-13 22:12:12.124779",26.9
87,https://http2.mlstatic.com/D_NQ_NP_679511-MLB51812780770_102022-W.webp,Arandela Alumínio 1 Foco Externa Muro Parede Dicróica Cor Preto,nao_informado,"4.8",44,https://lista.mercadolivre.com.br/luminarias-arandelas-externas,"2024-06-13 22:12:12.124779",38.5
88,https://http2.mlstatic.com/D_NQ_NP_740809-MLU75861207841_042024-W.webp,Arandela Slim Globo 10 Jabuticaba Preto Fosco C/ Led,nao_informado,,0,https://lista.mercadolivre.com.br/luminarias-arandelas-externas,"2024-06-13 22:12:12.124779",78.9
89,https://http2.mlstatic.com/D_NQ_NP_764921-MLU75322283441_032024-W.webp,Arandela Slim Interna Externa Alumínio 2 Friso Preto,nao_informado,"3.8",26,https://lista.mercadolivre.com.br/luminarias-arandelas-externas,"2024-06-13 22:12:12.124779",22.9
90,https://http2.mlstatic.com/D_NQ_NP_851995-MLU69349476314_052023-W.webp,Luminária Tartaruga Led Sobrepor Avant 12w 3000k Ip65 110V/220V,por MG Solucoes,"4.4",47,https://lista.mercadolivre.com.br/luminarias-arandelas-externas,"2024-06-13 22:12:12.124779",22.77
91,https://http2.mlstatic.com/D_NQ_NP_776350-MLU76130314717_052024-W.webp,Kit 4 Arandelas 2 Foco E 2 Friso Externa Parede Muro Ar1510,por Ideallume,,0,https://lista.mercadolivre.com.br/luminarias-arandelas-externas,"2024-06-13 22:12:12.124779",109.9
92,https://http2.mlstatic.com/D_NQ_NP_901788-MLU74198290950_012024-W.webp,Arandela 2 Focos Efeito 6 Frisos Alumínio Externa St2754 Cor Branco 110v/220v,por Starlumen,"4.7",28,https://lista.mercadolivre.com.br/luminarias-arandelas-externas,"2024-06-13 22:12:12.124779",46.53
93,https://http2.mlstatic.com/D_NQ_NP_602240-MLB74247905903_012024-W.webp,"Arandela Frizzy De Muro Parede 15x9x6,5cm 1xg9 Preta Cor Preto",nao_informado,"4.6",36,https://lista.mercadolivre.com.br/luminarias-arandelas-externas,"2024-06-13 22:12:12.124779",21.7
94,https://http2.mlstatic.com/D_NQ_NP_733933-MLU73589073332_122023-W.webp,Luminária Arandela Tartaruga Externa Com Grade E-27 Bulbo Cor Preto,nao_informado,"4.5",30,https://lista.mercadolivre.com.br/luminarias-arandelas-externas,"2024-06-13 22:12:12.124779",17.17
95,https://http2.mlstatic.com/D_NQ_NP_938881-MLU73460195470_122023-W.webp,Kit 10 Luminária OPL Arandela Tartaruga Externa Com Grade Cor Marrom Madeira 110v/220v,nao_informado,"4.5",746,https://lista.mercadolivre.com.br/luminarias-arandelas-externas,"2024-06-13 22:12:12.124779",71.9
96,https://http2.mlstatic.com/D_NQ_NP_926166-MLU74085578596_012024-W.webp,Arandela Mini Slim Externa Moderna Alumínio MF143 Marrom,por Forteled,"4.5",104,https://lista.mercadolivre.com.br/luminarias-arandelas-externas,"2024-06-13 22:12:12.124779",25.19
97,https://http2.mlstatic.com/D_NQ_NP_677843-MLU75127663217_032024-W.webp,Arandela Colonial Clássica 4 Faces Em Alumínio - Preta Cor Preto 110V/220V,nao_informado,"4.8",13,https://lista.mercadolivre.com.br/luminarias-arandelas-externas,"2024-06-13 22:12:12.124779",160.49
98,https://http2.mlstatic.com/D_NQ_NP_955140-MLA72853953441_112023-W.webp,Luminária arandela de parede Starlumen ST294 cor preto 110V/220V,por Starlumen,"4.8",43,https://lista.mercadolivre.com.br/luminarias-arandelas-externas,"2024-06-13 22:12:12.124779",35.52
99,https://http2.mlstatic.com/D_NQ_NP_637822-MLU73296024980_122023-W.webp,Luminária Arandela De Parede Rioprelustres 213 Retrô Preto,nao_informado,"4.7",66,https://lista.mercadolivre.com.br/luminarias-arandelas-externas,"2024-06-13 22:12:12.124779",60.5
100,https://http2.mlstatic.com/D_NQ_NP_775895-MLU72362315461_102023-W.webp,Arandela Externa Luminária de Parede Alumínio 2 Frisos Branco G9 MF115 110V/220V,por Forteled,"4.6",234,https://lista.mercadolivre.com.br/luminarias-arandelas-externas,"2024-06-13 22:12:12.124779",27.49
101,https://http2.mlstatic.com/D_NQ_NP_767636-MLB51699614194_092022-W.webp,Arandela Retrô P/ Tempo Áreas Externas Parede Corredor Poste Cor Escovado 110V/220V,nao_informado,"4.5",1184,https://lista.mercadolivre.com.br/luminarias-arandelas-externas,"2024-06-13 22:12:12.124779",33.95
102,https://http2.mlstatic.com/D_NQ_NP_678854-MLU75009973982_032024-W.webp,Arandela Led Eclipse 12w Luz Indireta Amarela 3000k Ip65 Cor Branco 110V/220V,nao_informado,"5.0",3,https://lista.mercadolivre.com.br/luminarias-arandelas-externas,"2024-06-13 22:12:12.124779",78.9
103,https://http2.mlstatic.com/D_NQ_NP_969730-MLU73473426086_122023-W.webp,"5x Arandela Externa 2 Focos Friso Parede Muro + Led Incluso Cor Preto Led Quente",por DAZ Iluminacao,"4.8",201,https://lista.mercadolivre.com.br/luminarias-arandelas-externas,"2024-06-13 22:12:12.124779",194.99
104,https://http2.mlstatic.com/D_NQ_NP_989489-MLU75734775974_042024-W.webp,Arandela Colonial Vintage Retrô Alumínio Toulouse Ouro Velho Cor Ouro-velho 110V/220V,nao_informado,"4.9",19,https://lista.mercadolivre.com.br/luminarias-arandelas-externas,"2024-06-13 22:12:12.124779",210.99
105,https://http2.mlstatic.com/D_NQ_NP_785803-MLU73647683759_122023-W.webp,Kit 20 Luminária Arandela Tartaruga Externa Sem Grade E27 Cor Preto 110V/220V,nao_informado,"4.5",135,https://lista.mercadolivre.com.br/luminarias-arandelas-externas,"2024-06-13 22:12:12.124779",177.9
106,https://http2.mlstatic.com/D_NQ_NP_951906-MLB74110406020_012024-W.webp,Luminaria Elgin Tartaruga led  6500k bivolt 8w  ,nao_informado,"4.8",24,https://lista.mercadolivre.com.br/luminarias-arandelas-externas,"2024-06-13 22:12:12.124779",19.9
107,https://http2.mlstatic.com/D_NQ_NP_645263-MLU73472725694_122023-W.webp,Arandela Alumínio 2 Focos Externa + Lâmpada 5w Inclusa 6205 Cor Branco,nao_informado,"4.6",177,https://lista.mercadolivre.com.br/luminarias-arandelas-externas,"2024-06-13 22:12:12.124779",39.9
108,https://http2.mlstatic.com/D_NQ_NP_713116-MLU73470867984_122023-W.webp,Arandela Box Com Abas Efeito Luminária Externa + Led Cor Branco Quente,por DAZ Iluminacao,"4.4",66,https://lista.mercadolivre.com.br/luminarias-arandelas-externas,"2024-06-13 22:12:12.124779",69.9
109,https://http2.mlstatic.com/D_NQ_NP_941127-MLB74757128865_022024-W.webp,Arandela De Parede Pendente Luminária Aramado Diamante Preto,nao_informado,"4.7",322,https://lista.mercadolivre.com.br/luminarias-arandelas-externas,"2024-06-13 22:12:12.124779",29.9
110,https://http2.mlstatic.com/D_NQ_NP_833301-MLB76647742829_052024-W.webp,Arandela Ext Led Facho Duplo Ajustável 5w Ip66 Luz 3000k Pto,nao_informado,"4.6",44,https://lista.mercadolivre.com.br/luminarias-arandelas-externas,"2024-06-13 22:12:12.124779",65.9
111,https://http2.mlstatic.com/D_NQ_NP_951906-MLB74110406020_012024-W.webp,Luminaria Elgin Tartaruga led  6500k bivolt 8w  ,nao_informado,"4.8",24,https://lista.mercadolivre.com.br/luminarias-arandelas-externas,"2024-06-13 22:12:12.124779",19.9
112,https://http2.mlstatic.com/D_NQ_NP_645263-MLU73472725694_122023-W.webp,Arandela Alumínio 2 Focos Externa + Lâmpada 5w Inclusa 6205 Cor Branco,nao_informado,"4.6",177,https://lista.mercadolivre.com.br/luminarias-arandelas-externas,"2024-06-13 22:12:12.124779",39.9
113,https://http2.mlstatic.com/D_NQ_NP_713116-MLU73470867984_122023-W.webp,Arandela Box Com Abas Efeito Luminária Externa + Led Cor Branco Quente,por DAZ Iluminacao,"4.4",66,https://lista.mercadolivre.com.br/luminarias-arandelas-externas,"2024-06-13 22:12:12.124779",69.9
114,https://http2.mlstatic.com/D_NQ_NP_636348-MLU70242777457_062023-W.webp,Arandela Externa Luminária Alumínio 2 Focos E 2 Frisos Megaforte Iluminação Mf150 Preto,por Forteled,"4.8",22,https://lista.mercadolivre.com.br/luminarias-arandelas-externas,"2024-06-13 22:12:12.124779",42.79
115,https://http2.mlstatic.com/D_NQ_NP_767118-MLA72597535646_112023-W.webp,Luminária arandela led de parede Starlumen ST2772 - SLIM 3 FRISOS,por Starlumen,"4.6",116,https://lista.mercadolivre.com.br/luminarias-arandelas-externas,"2024-06-13 22:12:12.124779",34.04
116,https://http2.mlstatic.com/D_NQ_NP_680888-MLU75637030300_042024-W.webp,Arandela Slim 2 Frisos Luminária Moderna Interna Ou Externa Cor Branco,nao_informado,"4.4",129,https://lista.mercadolivre.com.br/luminarias-arandelas-externas,"2024-06-13 22:12:12.124779",17.92
117,https://http2.mlstatic.com/D_NQ_NP_639121-MLB75340620269_032024-W.webp,Kit 10 Arandela Led Tartaruga Bivolt 15w Branco Frio,nao_informado,"4.8",22,https://lista.mercadolivre.com.br/luminarias-arandelas-externas,"2024-06-13 22:12:12.124779",113.8
118,https://http2.mlstatic.com/D_NQ_NP_760450-MLB74299008074_022024-W.webp,Arandela Triangulo 2 Vidros Em Alumínio- Soquete E27,nao_informado,"4.5",18,https://lista.mercadolivre.com.br/luminarias-arandelas-externas,"2024-06-13 22:12:12.124779",61.33
119,https://http2.mlstatic.com/D_NQ_NP_890755-MLU73566354789_122023-W.webp,"Arandela Externa Duplo Foco Longo + 2 Led Dicroica Gu10 6,5w Cor Preto Led Quente",por DAZ Iluminacao,"4.8",64,https://lista.mercadolivre.com.br/luminarias-arandelas-externas,"2024-06-13 22:12:12.124779",78.99
120,https://http2.mlstatic.com/D_NQ_NP_994790-MLU76221811211_052024-W.webp,"1x Arandela Duplo Facho Longo Externa Dicroica Alumínio Luminária Parede MF164 Cor Preto 110V/220V",por Forteled,"4.9",14,https://lista.mercadolivre.com.br/luminarias-arandelas-externas,"2024-06-13 22:12:12.124779",40.59
121,https://http2.mlstatic.com/D_NQ_NP_669119-MLB52178034240_102022-W.webp,Arandela Facho De Luz Parede Muro E27 P/ Lâmpada Padrão,nao_informado,"4.6",140,https://lista.mercadolivre.com.br/luminarias-arandelas-externas,"2024-06-13 22:12:12.124779",33.8
122,https://http2.mlstatic.com/D_NQ_NP_674417-MLB48419523135_122021-W.webp,Arandela Focus Slim Gaya Potência 5w Bivolt 9773 Branca  Cor Branco 110V/220V,nao_informado,,0,https://lista.mercadolivre.com.br/luminarias-arandelas-externas,"2024-06-13 22:12:12.124779",52.9
123,https://http2.mlstatic.com/D_NQ_NP_919505-MLU76589901952_062024-W.webp,Luminária Oval Led Parede 5w Hummer Ip65 6500k Bivolt Avant 110V/220V,nao_informado,"4.5",109,https://lista.mercadolivre.com.br/luminarias-arandelas-externas,"2024-06-13 22:12:12.124779",23.9
124,https://http2.mlstatic.com/D_NQ_NP_695024-MLU75913989805_042024-W.webp,"7x Arandela Externa 2 Focos Friso Parede Muro + Led Incluso Cor Preto Led Quente",por DAZ Iluminacao,"4.8",201,https://lista.mercadolivre.com.br/luminarias-arandelas-externas,"2024-06-13 22:12:12.124779",261.99
125,https://http2.mlstatic.com/D_NQ_NP_814108-MLU74610379591_022024-W.webp,Arandela Externa MF115 Luminária de Parede com LED Branco Quente 5w G9,por Forteled,"4.6",234,https://lista.mercadolivre.com.br/luminarias-arandelas-externas,"2024-06-13 22:12:12.124779",38.84
126,https://http2.mlstatic.com/D_NQ_NP_890755-MLU73566354789_122023-W.webp,"Arandela Externa Duplo Foco Longo + 2 Led Dicroica Gu10 6,5w Cor Preto Led Quente",por DAZ Iluminacao,"4.8",64,https://lista.mercadolivre.com.br/luminarias-arandelas-externas,"2024-06-13 22:12:12.124779",78.99
127,https://http2.mlstatic.com/D_NQ_NP_724607-MLB48323512807_112021-W.webp,Kit 5 Luminárias Arandela Preta Tartaruga C/ Grade Opl,nao_informado,"4.6",118,https://lista.mercadolivre.com.br/luminarias-arandelas-externas,"2024-06-13 22:12:12.124779",68.61
128,https://http2.mlstatic.com/D_NQ_NP_903139-MLU75010360986_032024-W.webp,Arandela Luz Geral Ice 5w Stella 3000k 20cm Stl21701br/30 Cor Branco 110V/220V,por DH Led,"5.0",7,https://lista.mercadolivre.com.br/luminarias-arandelas-externas,"2024-06-13 22:12:12.124779",152.9
129,https://http2.mlstatic.com/D_NQ_NP_848565-MLU74225617302_022024-W.webp,Arandela De Parede Externa 6w Luminária Efeito Cor Preto,por DAZ Iluminacao,"4.5",35,https://lista.mercadolivre.com.br/luminarias-arandelas-externas,"2024-06-13 22:12:12.124779",42.99
130,https://http2.mlstatic.com/D_NQ_NP_897533-MLU73567618021_122023-W.webp,Arandela Luminária De Parede Colonial Quadrada Cores 336 Cor Branco 127V/220V,nao_informado,"4.5",148,https://lista.mercadolivre.com.br/luminarias-arandelas-externas,"2024-06-13 22:12:12.124779",62.99
131,https://http2.mlstatic.com/D_NQ_NP_970925-MLU74518391128_022024-W.webp,Arandela Parede Externa Preta Tubular Facho Duplo LED 10W Optimus PC 2 Luzes Gu10 À Prova D'Água IP65 LLUMM Bronzearte,nao_informado,"4.9",9,https://lista.mercadolivre.com.br/luminarias-arandelas-externas,"2024-06-13 22:12:12.124779",139.9
132,https://http2.mlstatic.com/D_NQ_NP_738170-MLB73060753651_112023-W.webp,"1x Arandela Externa Horizontal 3 Frisos + Led G9 5w mf 101",por Forteled,"4.0",1,https://lista.mercadolivre.com.br/luminarias-arandelas-externas,"2024-06-13 22:12:12.124779",42.9
133,https://http2.mlstatic.com/D_NQ_NP_944860-MLU73566990525_122023-W.webp,Arandela Box Com Abas Efeito Luminária Externa + Led Cor Preto Quente,por DAZ Iluminacao,"4.4",66,https://lista.mercadolivre.com.br/luminarias-arandelas-externas,"2024-06-13 22:12:12.124779",69.9
134,https://http2.mlstatic.com/D_NQ_NP_731015-MLU73552083355_122023-W.webp,"3 Arandela 5 Vidros Retangular Alumínio Muro Parede Externa Cor Branco 110V/220V",nao_informado,"4.8",86,https://lista.mercadolivre.com.br/luminarias-arandelas-externas,"2024-06-13 22:12:12.124779",135.45
135,https://http2.mlstatic.com/D_NQ_NP_936864-MLU74414640575_022024-W.webp,Luminária Tipo Tartaruga De Ferro Branca,nao_informado,"4.0",1,https://lista.mercadolivre.com.br/luminarias-arandelas-externas,"2024-06-13 22:12:12.124779",29.58
136,https://http2.mlstatic.com/D_NQ_NP_841686-MLB53544546762_012023-W.webp,Kit 3 Arandelas Externa Tempo Alumínio 100w P/ Parede Poste,nao_informado,"4.7",217,https://lista.mercadolivre.com.br/luminarias-arandelas-externas,"2024-06-13 22:12:12.124779",78.99
137,https://http2.mlstatic.com/D_NQ_NP_690513-MLU73567063905_122023-W.webp,"2x Arandela Externa Duplo Foco Longo + 2 Led Dicroica 6,5w Cor Preto Led Quente",por DAZ Iluminacao,"4.8",64,https://lista.mercadolivre.com.br/luminarias-arandelas-externas,"2024-06-13 22:12:12.124779",139.99
138,https://http2.mlstatic.com/D_NQ_NP_630514-MLB72365748685_102023-W.webp, Kit 6 Arandelas De Parede Externa E Interna 2 Focos,nao_informado,"4.3",292,https://lista.mercadolivre.com.br/luminarias-arandelas-externas,"2024-06-13 22:12:12.124779",136.7
139,https://http2.mlstatic.com/D_NQ_NP_862339-MLB51812776927_102022-W.webp,Arandela 213 Alumínio 5 Vidros Foco Externa Muro Parede E27 Cor Branco,nao_informado,"5.0",13,https://lista.mercadolivre.com.br/luminarias-arandelas-externas,"2024-06-13 22:12:12.124779",46.7
140,https://http2.mlstatic.com/D_NQ_NP_857805-MLB74961357209_032024-W.webp,Arandela Slim 4 Focos Parede Muro Externa Prova D´água,nao_informado,"4.8",15,https://lista.mercadolivre.com.br/luminarias-arandelas-externas,"2024-06-13 22:12:12.124779",59.27
141,https://http2.mlstatic.com/D_NQ_NP_666066-MLU73473418978_122023-W.webp,"2x Arandela Externa Duplo Foco Longo + 2 Led Dicroica 6,5w Cor Marrom Led Quente",por DAZ Iluminacao,"4.8",64,https://lista.mercadolivre.com.br/luminarias-arandelas-externas,"2024-06-13 22:12:12.124779",139.99
142,https://http2.mlstatic.com/D_NQ_NP_700734-MLB70299993541_072023-W.webp,"10 Balizador Led Slim 3000k 4w Bivolt Parede Escada Muro",nao_informado,"4.4",25,https://lista.mercadolivre.com.br/luminarias-arandelas-externas,"2024-06-13 22:12:12.124779",199.17
143,https://http2.mlstatic.com/D_NQ_NP_810847-MLU75993948205_042024-W.webp,"5x Arandela Externa 2 Focos Friso Parede Muro + Led Incluso Cor Branco Led Quente",por DAZ Iluminacao,"4.8",201,https://lista.mercadolivre.com.br/luminarias-arandelas-externas,"2024-06-13 22:12:12.124779",194.99
144,https://http2.mlstatic.com/D_NQ_NP_962144-MLU73461327168_122023-W.webp,Arandela Box Com Abas Efeito Luminária Externa + Led Cor Preto/Frio,por DAZ Iluminacao,"4.4",66,https://lista.mercadolivre.com.br/luminarias-arandelas-externas,"2024-06-13 22:12:12.124779",69.9
145,https://http2.mlstatic.com/D_NQ_NP_701216-MLB53481404925_012023-W.webp,Arandela  2 Focos E 2 Frisos Parede Muro Externa Full Ar1510,nao_informado,"4.7",58,https://lista.mercadolivre.com.br/luminarias-arandelas-externas,"2024-06-13 22:12:12.124779",27.9
146,https://http2.mlstatic.com/D_NQ_NP_985291-MLU74338417467_022024-W.webp,Arandela Led Efeito 2 Fachos Duplo 3w 3000k Opus ( 24h,nao_informado,"4.6",17,https://lista.mercadolivre.com.br/luminarias-arandelas-externas,"2024-06-13 22:12:12.124779",66.99
147,https://http2.mlstatic.com/D_NQ_NP_947368-MLB48911346572_012022-W.webp,"5 Balizador 4x2 Sobrepor Led Fit Slim 2w Parede Escada Muro",nao_informado,"4.8",50,https://lista.mercadolivre.com.br/luminarias-arandelas-externas,"2024-06-13 22:12:12.124779",135.1
148,https://http2.mlstatic.com/D_NQ_NP_832423-MLB76675558361_052024-W.webp,Arandela Meia Lua Led Pto 3 Focos 6w Luz 3000k Ip66 Bivolt,nao_informado,"4.7",18,https://lista.mercadolivre.com.br/luminarias-arandelas-externas,"2024-06-13 22:12:12.124779",45.9
149,https://http2.mlstatic.com/D_NQ_NP_955838-MLU74309917919_012024-W.webp,Arandela 213 Alumínio 5 Vidros Foco Externa Muro Parede E27 Cor Branco,nao_informado,"4.6",141,https://lista.mercadolivre.com.br/luminarias-arandelas-externas,"2024-06-13 22:12:12.124779",53.7
150,https://http2.mlstatic.com/D_NQ_NP_792973-MLB71099003551_082023-W.webp,Arandelas Massuia - Cristal - Para Paredes E Muros,nao_informado,"4.2",83,https://lista.mercadolivre.com.br/luminarias-arandelas-externas,"2024-06-13 22:12:12.124779",29.1
151,https://http2.mlstatic.com/D_NQ_NP_874155-MLU73475312106_122023-W.webp,Arandela Box Cubo Pequena 6 Fachos Parede Muro St1317 Cor Preto 110V/220V (Bivolt),por Starlumen,"4.5",205,https://lista.mercadolivre.com.br/luminarias-arandelas-externas,"2024-06-13 22:12:12.124779",43.68
152,https://http2.mlstatic.com/D_NQ_NP_822119-MLB48432433228_122021-W.webp,Arandela Aletada Led 6w 3000k Cor: Preto,nao_informado,"5.0",26,https://lista.mercadolivre.com.br/luminarias-arandelas-externas,"2024-06-13 22:12:12.124779",48.72
153,https://http2.mlstatic.com/D_NQ_NP_995461-MLU76040533504_052024-W.webp,"1x Arandela Duplo Facho Longo Externa Dicroica Alumínio Luminária Parede MF164 Cor Marrom 110V/220V",por Forteled,"4.9",14,https://lista.mercadolivre.com.br/luminarias-arandelas-externas,"2024-06-13 22:12:12.124779",40.59
154,https://http2.mlstatic.com/D_NQ_NP_653910-MLU73531041682_122023-W.webp,Arandela De Parede Led Externa 2 Fachos Ajustavel Quadrada 110v/220v,nao_informado,,0,https://lista.mercadolivre.com.br/luminarias-arandelas-externas,"2024-06-13 22:12:12.124779",50.08
155,https://http2.mlstatic.com/D_NQ_NP_658857-MLB70475462435_072023-W.webp,Arandela Katarina De 15cm Com 2 Frisos - Interno Ou Externo,nao_informado,"5.0",3,https://lista.mercadolivre.com.br/luminarias-arandelas-externas,"2024-06-13 22:12:12.124779",23.5
156,https://http2.mlstatic.com/D_NQ_NP_982960-MLU73474032158_122023-W.webp,Arandela Colonial Alumínio Vidro Preta E27 Qualidade Cor Preto 110V/220V,por DAZ Iluminacao,"4.8",61,https://lista.mercadolivre.com.br/luminarias-arandelas-externas,"2024-06-13 22:12:12.124779",149.9
157,https://http2.mlstatic.com/D_NQ_NP_703296-MLU73982594610_012024-W.webp,Arandela Externa Mini Slim Alumínio Parede Muro Com Led 5w G9 Branco Quente,por Forteled,"5.0",18,https://lista.mercadolivre.com.br/luminarias-arandelas-externas,"2024-06-13 22:12:12.124779",36.19
158,https://http2.mlstatic.com/D_NQ_NP_983813-MLU74192090467_012024-W.webp,Luminária Arandela Tartaruga OPL externa com grade E27 branca ,nao_informado,"4.5",746,https://lista.mercadolivre.com.br/luminarias-arandelas-externas,"2024-06-13 22:12:12.124779",10.29
159,https://http2.mlstatic.com/D_NQ_NP_803832-MLU75243270305_032024-W.webp,Spot Sobrepor Dicroica Preto Para Beiral Alumínio + Led 6.5w Branco quente mf270,por WS Distribuidora,"4.7",25,https://lista.mercadolivre.com.br/luminarias-arandelas-externas,"2024-06-13 22:12:12.124779",58.19
160,https://http2.mlstatic.com/D_NQ_NP_806349-MLU73566338429_122023-W.webp,"3 Arandela 5 Vidros Retangular Alumínio Muro Parede Externa Cor Preto 110V/220V",nao_informado,"4.8",86,https://lista.mercadolivre.com.br/luminarias-arandelas-externas,"2024-06-13 22:12:12.124779",135.45
161,https://http2.mlstatic.com/D_NQ_NP_873050-MLB76694301191_052024-W.webp,Arandela Triangular Alumínio Muro Parede Externa Interna,nao_informado,"4.8",155,https://lista.mercadolivre.com.br/luminarias-arandelas-externas,"2024-06-13 22:12:12.124779",43.41
162,https://http2.mlstatic.com/D_NQ_NP_890755-MLU73566354789_122023-W.webp,"Arandela Externa Duplo Foco Longo + 2 Led Dicroica Gu10 6,5w Cor Preto Led Quente",por DAZ Iluminacao,"4.8",64,https://lista.mercadolivre.com.br/luminarias-arandelas-externas,"2024-06-13 22:12:12.124779",78.99
163,https://http2.mlstatic.com/D_NQ_NP_653196-MLU75210004232_032024-W.webp,Trilho Eletrificado Preto 1m + 4 Spots 7w Qualidade Cor Preto Quente,nao_informado,"4.8",64,https://lista.mercadolivre.com.br/luminarias-arandelas-externas,"2024-06-13 22:12:12.124779",64.22
164,https://http2.mlstatic.com/D_NQ_NP_658857-MLB70475462435_072023-W.webp,Arandela Katarina De 15cm Com 2 Frisos - Interno Ou Externo,nao_informado,"5.0",3,https://lista.mercadolivre.com.br/luminarias-arandelas-externas,"2024-06-13 22:12:12.124779",23.5
165,https://http2.mlstatic.com/D_NQ_NP_760450-MLB74299008074_022024-W.webp,Arandela Triangulo 2 Vidros Em Alumínio- Soquete E27,nao_informado,"4.5",18,https://lista.mercadolivre.com.br/luminarias-arandelas-externas,"2024-06-13 22:12:12.124779",61.33
166,https://http2.mlstatic.com/D_NQ_NP_662809-MLB72336480497_102023-W.webp,Arandela 2 Foco 2 Friso Externa Parede Alumínio Ar1112 Full,por Ideallume,"4.6",645,https://lista.mercadolivre.com.br/luminarias-arandelas-externas,"2024-06-13 22:12:12.124779",24.99
167,https://http2.mlstatic.com/D_NQ_NP_953749-MLU73567135773_122023-W.webp,"3 Arandela 5 Vidros Retangular Alumínio Muro Parede Externa Cor Marrom 110V/220V",nao_informado,"4.8",86,https://lista.mercadolivre.com.br/luminarias-arandelas-externas,"2024-06-13 22:12:12.124779",135.45
168,https://http2.mlstatic.com/D_NQ_NP_970990-MLU75995774529_042024-W.webp,"5x Arandela Externa 2 Focos Friso Parede Muro + Led Incluso Cor Preto Led Frio",por DAZ Iluminacao,"4.8",201,https://lista.mercadolivre.com.br/luminarias-arandelas-externas,"2024-06-13 22:12:12.124779",194.99
169,https://http2.mlstatic.com/D_NQ_NP_742425-MLA43576913690_092020-W.webp,Luminária colonial led de parede Ideal Iluminação L-1-B cor preto 110V/220V,nao_informado,"4.8",958,https://lista.mercadolivre.com.br/luminarias-arandelas-externas,"2024-06-13 22:12:12.124779",82.9
170,https://http2.mlstatic.com/D_NQ_NP_733214-MLB71654913637_092023-W.webp,Arandela Interna Parede Moderna Led Preta 2 Focos 8w 3000k,por CasaLed Mais,"4.6",91,https://lista.mercadolivre.com.br/luminarias-arandelas-externas,"2024-06-13 22:12:12.124779",48.6
171,https://http2.mlstatic.com/D_NQ_NP_657694-MLU73461370270_122023-W.webp,Arandela Focos Fachos Frisos 30cm P/ 2 Lâmpadas E27 St1286 Cor Preto 110V 220V (Bivolt),por Starlumen,"4.7",226,https://lista.mercadolivre.com.br/luminarias-arandelas-externas,"2024-06-13 22:12:12.124779",49.63
172,https://http2.mlstatic.com/D_NQ_NP_677843-MLU75127663217_032024-W.webp,Arandela Colonial Clássica 4 Faces Em Alumínio - Preta Cor Preto 110V/220V,nao_informado,"4.8",13,https://lista.mercadolivre.com.br/luminarias-arandelas-externas,"2024-06-13 22:12:12.124779",160.49
173,https://http2.mlstatic.com/D_NQ_NP_755029-MLU73459532082_122023-W.webp,Arandela De Aluminio E27 Bivolt Preto Rioprelustres 6213,nao_informado,"4.6",141,https://lista.mercadolivre.com.br/luminarias-arandelas-externas,"2024-06-13 22:12:12.124779",42.81
174,https://http2.mlstatic.com/D_NQ_NP_638360-MLU71769269857_092023-W.webp,Arandela 2 Focos E Frisos Externa Interna Parede Muro Ar1015 Cor Marrom 110V/220V,nao_informado,"4.6",432,https://lista.mercadolivre.com.br/luminarias-arandelas-externas,"2024-06-13 22:12:12.124779",25.9
175,https://http2.mlstatic.com/D_NQ_NP_804322-MLB73407290891_122023-W.webp,Luminaria Arandela Tartaruga Led Preta 20w Externa Bivolt,nao_informado,"4.8",10,https://lista.mercadolivre.com.br/luminarias-arandelas-externas,"2024-06-13 22:12:12.124779",36.8
176,https://http2.mlstatic.com/D_NQ_NP_610838-MLB50318671777_062022-W.webp,"4 Arandelas Tartaruga Led 15w Ip65 Bivolt Interna/externa Cor Branco 110V/220V",nao_informado,"4.7",86,https://lista.mercadolivre.com.br/luminarias-arandelas-externas,"2024-06-13 22:12:12.124779",65.12
177,https://http2.mlstatic.com/D_NQ_NP_944917-MLB73905169149_012024-W.webp,Arandela Slim 2 Foco 2 Friso Aluminio + Led 5w Ar1112 Full,por Ideallume,"4.7",220,https://lista.mercadolivre.com.br/luminarias-arandelas-externas,"2024-06-13 22:12:12.124779",42.9
178,https://http2.mlstatic.com/D_NQ_NP_838764-MLU71900808296_092023-W.webp,Arandela Slim 2 Fachos 6 Frisos Externo Muro Parede Mf101 Cor Preto 110V/220V,por WS Distribuidora,"4.8",13,https://lista.mercadolivre.com.br/luminarias-arandelas-externas,"2024-06-13 22:12:12.124779",23.31
179,https://http2.mlstatic.com/D_NQ_NP_887128-MLU73466138790_122023-W.webp,Arandela Para 1 Lâmpada Gu10 - Ideal Cor Marrom 110V/220V,nao_informado,"4.6",37,https://lista.mercadolivre.com.br/luminarias-arandelas-externas,"2024-06-13 22:12:12.124779",66.07
180,https://http2.mlstatic.com/D_NQ_NP_988865-MLB76478686326_052024-W.webp,Arandela Meia Lua Led Pto 3 Focos 6w Luz 3000k Ip66 Bivolt,nao_informado,"3.9",10,https://lista.mercadolivre.com.br/luminarias-arandelas-externas,"2024-06-13 22:12:12.124779",45.9
181,https://http2.mlstatic.com/D_NQ_NP_863592-MLU74857702023_032024-W.webp,Arandela Marrom Para Parede Externa Muro 2 Frisos E Focos Em Alumínio + Lâmpada Led 5w Branco Quente G9 Bivolt Mf115,por WS Distribuidora,"4.6",234,https://lista.mercadolivre.com.br/luminarias-arandelas-externas,"2024-06-13 22:12:12.124779",39.9
182,https://http2.mlstatic.com/D_NQ_NP_864065-MLB54337612769_032023-W.webp,"3 Luminária Arandela Led Preta 8w Parede Externa 8 Fachos",por CasaLed Mais,"4.4",155,https://lista.mercadolivre.com.br/luminarias-arandelas-externas,"2024-06-13 22:12:12.124779",145.5
183,https://http2.mlstatic.com/D_NQ_NP_611257-MLB54282288160_032023-W.webp,Arandela Triângulo Alumínio 2 Vidros Externa E27 Parede Muro,nao_informado,"5.0",11,https://lista.mercadolivre.com.br/luminarias-arandelas-externas,"2024-06-13 22:12:12.124779",46.4
184,https://http2.mlstatic.com/D_NQ_NP_620743-MLU74338322037_022024-W.webp,Arandela Preta Para Parede Externa Muro 2 Frisos E Focos Em Alumínio + Lâmpada Led 5w Branco Frio G9 Bivolt Mf115,por WS Distribuidora,"4.6",234,https://lista.mercadolivre.com.br/luminarias-arandelas-externas,"2024-06-13 22:12:12.124779",39.71
185,https://http2.mlstatic.com/D_NQ_NP_756098-MLU73474085590_122023-W.webp,Arandela Focos Fachos Frisos 30cm P/ 2 Lâmpadas E27 St1286 Cor Branco 110V 220V (Bivolt),por Starlumen,"4.7",226,https://lista.mercadolivre.com.br/luminarias-arandelas-externas,"2024-06-13 22:12:12.124779",49.63
186,https://http2.mlstatic.com/D_NQ_NP_732339-MLB40606196844_012020-W.webp,Arandela 2 Focos E Frisos Externa Parede Muro ,nao_informado,"4.7",1306,https://lista.mercadolivre.com.br/luminarias-arandelas-externas,"2024-06-13 22:12:12.124779",29.9
187,https://http2.mlstatic.com/D_NQ_NP_885610-MLB74571018422_022024-W.webp,Arandela Led Luz Indireta 15w Luz Amarela 3000k Ip65,nao_informado,,0,https://lista.mercadolivre.com.br/luminarias-arandelas-externas,"2024-06-13 22:12:12.124779",189.55
188,https://http2.mlstatic.com/D_NQ_NP_703920-MLB32910267803_112019-W.webp,Arandela Externa Slim Dois Fachos Luminária Parede Interna ,nao_informado,"4.4",210,https://lista.mercadolivre.com.br/luminarias-arandelas-externas,"2024-06-13 22:12:12.124779",22.9
189,https://http2.mlstatic.com/D_NQ_NP_839227-MLU70029606293_062023-W.webp,Luminária colonial led de parede Ideal Iluminação L-1-B 110V/220V,nao_informado,"4.8",958,https://lista.mercadolivre.com.br/luminarias-arandelas-externas,"2024-06-13 22:12:12.124779",62.9
190,https://http2.mlstatic.com/D_NQ_NP_847054-MLU69863658455_062023-W.webp,Arandela Parede Vintage Uno Joy Retro Preto Soquete E27 Cor Branco,nao_informado,"4.5",167,https://lista.mercadolivre.com.br/luminarias-arandelas-externas,"2024-06-13 22:12:12.124779",39.31
191,https://http2.mlstatic.com/D_NQ_NP_776070-MLU73552923215_122023-W.webp,Luminária Arandela Colonial Externa Quadrada Preta Cor Preto 110V/220V (Bivolt),nao_informado,"4.8",156,https://lista.mercadolivre.com.br/luminarias-arandelas-externas,"2024-06-13 22:12:12.124779",62.9
192,https://http2.mlstatic.com/D_NQ_NP_953315-MLU75210780666_032024-W.webp,Arandela 2 Focos Perfil E27 Efeito 30cm Garagem Efeito Cor Preto 110V/220V,por DAZ Iluminacao,,0,https://lista.mercadolivre.com.br/luminarias-arandelas-externas,"2024-06-13 22:12:12.124779",109.9
193,https://http2.mlstatic.com/D_NQ_NP_734526-MLB73515105497_122023-W.webp,Arandela Externa Colonial Branco Alumínio Muro Parede Ar2087,nao_informado,"4.8",18,https://lista.mercadolivre.com.br/luminarias-arandelas-externas,"2024-06-13 22:12:12.124779",105.04
194,https://http2.mlstatic.com/D_NQ_NP_948910-MLB51949265482_102022-W.webp,Arandela Interno Retro Dubai Alumínio Decorações Full,por Ideallume,"4.7",222,https://lista.mercadolivre.com.br/luminarias-arandelas-externas,"2024-06-13 22:12:12.124779",49.9
195,https://http2.mlstatic.com/D_NQ_NP_889632-MLU73476153824_122023-W.webp,Arandela Box Com Abas Efeito Luminária Externa Cor Branco,por DAZ Iluminacao,"4.4",66,https://lista.mercadolivre.com.br/luminarias-arandelas-externas,"2024-06-13 22:12:12.124779",57.9
196,https://http2.mlstatic.com/D_NQ_NP_628015-MLU71814369343_092023-W.webp,"5x Arandela Externa 2 Focos Friso Parede Muro + Led Incluso Cor Marrom Led Quente",por DAZ Iluminacao,"4.8",201,https://lista.mercadolivre.com.br/luminarias-arandelas-externas,"2024-06-13 22:12:12.124779",194.99
197,https://http2.mlstatic.com/D_NQ_NP_966000-MLB74135790656_012024-W.webp,Arandela Frizzy Marrom Com Led Halopin G9 110V/220V,nao_informado,"4.6",36,https://lista.mercadolivre.com.br/luminarias-arandelas-externas,"2024-06-13 22:12:12.124779",20.9
198,https://http2.mlstatic.com/D_NQ_NP_727509-MLU70488154228_072023-W.webp,Arandela Externa Luminária Alumínio 2 Focos E 2 Frisos Megaforte Iluminação Mf150 Marrom,por Forteled,"4.8",22,https://lista.mercadolivre.com.br/luminarias-arandelas-externas,"2024-06-13 22:12:12.124779",42.79
199,https://http2.mlstatic.com/D_NQ_NP_878373-MLU73573314883_122023-W.webp,Arandela Interna Externa 2 Friso Led Incluso 3000k Preto 110V/220V (Bivolt),por Soox,"4.6",53,https://lista.mercadolivre.com.br/luminarias-arandelas-externas,"2024-06-13 22:12:12.124779",39.49
200,https://http2.mlstatic.com/D_NQ_NP_861775-MLB73119510014_122023-W.webp,Arandela Triângulo Alumínio 2 Vidros Externa E27 Parede Muro,nao_informado,"4.7",545,https://lista.mercadolivre.com.br/luminarias-arandelas-externas,"2024-06-13 22:12:12.124779",52.2
201,https://http2.mlstatic.com/D_NQ_NP_713443-MLB32910279581_112019-W.webp,Arandela Externa Slim 1 Foco,nao_informado,"4.4",99,https://lista.mercadolivre.com.br/luminarias-arandelas-externas,"2024-06-13 22:12:12.124779",24.9
202,https://http2.mlstatic.com/D_NQ_NP_990487-MLB52319294750_112022-W.webp,Luminária Arandela Parede Colonial Vintage Externa Quadrado Cor Ouro Velho 110V/220V,nao_informado,"4.5",591,https://lista.mercadolivre.com.br/luminarias-arandelas-externas,"2024-06-13 22:12:12.124779",78.48
203,https://http2.mlstatic.com/D_NQ_NP_640791-MLB74211638334_012024-W.webp,Arandela Externa Led Facho Duplo Ajustável 5w3000k Cor Preto,nao_informado,,0,https://lista.mercadolivre.com.br/luminarias-arandelas-externas,"2024-06-13 22:12:12.124779",40.49
204,https://http2.mlstatic.com/D_NQ_NP_946378-MLB76676836749_052024-W.webp,Arandela Meia Lua Led Pto 4 Focos 8w Luz 3000k Ip66 Bivolt,nao_informado,"3.4",9,https://lista.mercadolivre.com.br/luminarias-arandelas-externas,"2024-06-13 22:12:12.124779",55.9
205,https://http2.mlstatic.com/D_NQ_NP_768935-MLB51948168398_102022-W.webp,Arandela Interno Externo Aluminio +lampada Led 5w 1510 Full,por Ideallume,"4.6",115,https://lista.mercadolivre.com.br/luminarias-arandelas-externas,"2024-06-13 22:12:12.124779",42.99
206,https://http2.mlstatic.com/D_NQ_NP_949820-MLB72781876246_112023-W.webp,Arandela Externa Colonial Branco Alumínio Muro Parede Ar2089,nao_informado,"4.7",9,https://lista.mercadolivre.com.br/luminarias-arandelas-externas,"2024-06-13 22:12:12.124779",105.04
207,https://http2.mlstatic.com/D_NQ_NP_833301-MLB76647742829_052024-W.webp,Arandela Ext Led Facho Duplo Ajustável 5w Ip66 Luz 3000k Pto,nao_informado,"4.6",44,https://lista.mercadolivre.com.br/luminarias-arandelas-externas,"2024-06-13 22:12:12.124779",65.9
208,https://http2.mlstatic.com/D_NQ_NP_892055-MLU73470826620_122023-W.webp,Arandela Tartaruga Parede Externa Teto Luminaria Cor Preto,nao_informado,"4.5",27,https://lista.mercadolivre.com.br/luminarias-arandelas-externas,"2024-06-13 22:12:12.124779",23.68
209,https://http2.mlstatic.com/D_NQ_NP_939365-MLU73553549881_122023-W.webp,Arandela Slim 2 Focos Alumínio Externa + Led Incluso Cor Preto Led Quente,por DAZ Iluminacao,"4.5",59,https://lista.mercadolivre.com.br/luminarias-arandelas-externas,"2024-06-13 22:12:12.124779",38.99
210,https://http2.mlstatic.com/D_NQ_NP_626773-MLU74197909590_012024-W.webp,Arandela Externa 2 Focos E Frisos Parede Muro + Led Incluso Cor Marrom Led Frio,por DAZ Iluminacao,"4.8",201,https://lista.mercadolivre.com.br/luminarias-arandelas-externas,"2024-06-13 22:12:12.124779",44.99
211,https://http2.mlstatic.com/D_NQ_NP_693725-MLB72482690467_102023-W.webp,Arandela Colonial Branco Alumínio Muro Parede Externa,nao_informado,"4.9",14,https://lista.mercadolivre.com.br/luminarias-arandelas-externas,"2024-06-13 22:12:12.124779",99.19
212,https://http2.mlstatic.com/D_NQ_NP_649098-MLU73557902191_122023-W.webp,Globo De Vidro Leitoso Reposição 15x30 Cor Branco 110V/220V,nao_informado,"4.9",14,https://lista.mercadolivre.com.br/luminarias-arandelas-externas,"2024-06-13 22:12:12.124779",119.9
213,https://http2.mlstatic.com/D_NQ_NP_854550-MLB53070751264_122022-W.webp,Arandela Led 5w 2 Fachos Dois Focos Externa Alumínio,nao_informado,"4.7",241,https://lista.mercadolivre.com.br/luminarias-arandelas-externas,"2024-06-13 22:12:12.124779",32.9
214,https://http2.mlstatic.com/D_NQ_NP_990873-MLB71515624959_092023-W.webp,Arandela Mini Slim 2 Focos Uso Externo Garagem,por WS Distribuidora,"4.6",12,https://lista.mercadolivre.com.br/luminarias-arandelas-externas,"2024-06-13 22:12:12.124779",25.42
215,https://http2.mlstatic.com/D_NQ_NP_879461-MLU75954458200_052024-W.webp,"7x Arandela Externa Cubo 10 Frisos C Base Mf122",por Forteled,,0,https://lista.mercadolivre.com.br/luminarias-arandelas-externas,"2024-06-13 22:12:12.124779",268.73
216,https://http2.mlstatic.com/D_NQ_NP_615428-MLU73467836952_122023-W.webp,Arandela Slim Inter Externa Alumínio 2 Friso Moderna St2527 Cor Branco 110V/220V,por Starlumen,"4.6",437,https://lista.mercadolivre.com.br/luminarias-arandelas-externas,"2024-06-13 22:12:12.124779",34.04
217,https://http2.mlstatic.com/D_NQ_NP_755029-MLU73459532082_122023-W.webp,Arandela De Aluminio E27 Bivolt Preto Rioprelustres 6213,nao_informado,"4.6",141,https://lista.mercadolivre.com.br/luminarias-arandelas-externas,"2024-06-13 22:12:12.124779",42.81
218,https://http2.mlstatic.com/D_NQ_NP_658857-MLB70475462435_072023-W.webp,Arandela Katarina De 15cm Com 2 Frisos - Interno Ou Externo,nao_informado,"5.0",3,https://lista.mercadolivre.com.br/luminarias-arandelas-externas,"2024-06-13 22:12:12.124779",23.5
219,https://http2.mlstatic.com/D_NQ_NP_967269-MLB76026145805_042024-W.webp,"10x Arandelas Mini Slim 2 Focos Parede Externa Muro Mf143",por WS Distribuidora,,0,https://lista.mercadolivre.com.br/luminarias-arandelas-externas,"2024-06-13 22:12:12.124779",204.74
220,https://http2.mlstatic.com/D_NQ_NP_879461-MLU75954458200_052024-W.webp,"7x Arandela Externa Cubo 10 Frisos C Base Mf122",por Forteled,,0,https://lista.mercadolivre.com.br/luminarias-arandelas-externas,"2024-06-13 22:12:12.124779",268.73
221,https://http2.mlstatic.com/D_NQ_NP_704877-MLU73551907695_122023-W.webp,Arandela Clean Led Aletada Abs 6w 3.000k Branco Blumenau Ilu,nao_informado,"5.0",26,https://lista.mercadolivre.com.br/luminarias-arandelas-externas,"2024-06-13 22:12:12.124779",52.63
222,https://http2.mlstatic.com/D_NQ_NP_683291-MLB74074279438_012024-W.webp,"Luminária Blindada Hermética Sobrepor Ip65 1,2 Mt P/ T5 E T8 Cor Cinza 110V/220V",nao_informado,"5.0",5,https://lista.mercadolivre.com.br/luminarias-arandelas-externas,"2024-06-13 22:12:12.124779",95.12
223,https://http2.mlstatic.com/D_NQ_NP_883204-MLU73566286685_122023-W.webp,Arandela Externa/interna Slim Branco E Preto Parede Eclipse 110V/220V,nao_informado,"4.7",46,https://lista.mercadolivre.com.br/luminarias-arandelas-externas,"2024-06-13 22:12:12.124779",63.01
224,https://http2.mlstatic.com/D_NQ_NP_601683-MLU74822777952_032024-W.webp,Arandela Branca De Parede Externa Muro 2 Frisos E Focos Em Alumínio MEGA FORTE ILUMINAÇÃO + Lâmpada Led Branco Frio 5w G9 Bivolt Mf 115,por WS Distribuidora,"4.6",234,https://lista.mercadolivre.com.br/luminarias-arandelas-externas,"2024-06-13 22:12:12.124779",39.9
225,https://http2.mlstatic.com/D_NQ_NP_901788-MLU74198290950_012024-W.webp,Arandela 2 Focos Efeito 6 Frisos Alumínio Externa St2754 Cor Branco 110v/220v,por Starlumen,"4.7",28,https://lista.mercadolivre.com.br/luminarias-arandelas-externas,"2024-06-13 22:12:12.124779",46.53
226,https://http2.mlstatic.com/D_NQ_NP_626773-MLU74197909590_012024-W.webp,Arandela Externa 2 Focos E Frisos Parede Muro + Led Incluso Cor Marrom Led Frio,por DAZ Iluminacao,"4.8",201,https://lista.mercadolivre.com.br/luminarias-arandelas-externas,"2024-06-13 22:12:12.124779",44.99
227,https://http2.mlstatic.com/D_NQ_NP_889632-MLU73476153824_122023-W.webp,Arandela Box Com Abas Efeito Luminária Externa Cor Branco,por DAZ Iluminacao,"4.4",66,https://lista.mercadolivre.com.br/luminarias-arandelas-externas,"2024-06-13 22:12:12.124779",57.9
228,https://http2.mlstatic.com/D_NQ_NP_656423-MLU73552307639_122023-W.webp,Arandela Suegil Triângulo Pequena Liza Cor Branco,nao_informado,"5.0",8,https://lista.mercadolivre.com.br/luminarias-arandelas-externas,"2024-06-13 22:12:12.124779",43.85
229,https://http2.mlstatic.com/D_NQ_NP_804807-MLB72791559229_112023-W.webp,"16x Arandela Externa Mine Slim 2 Friso +16 Led G9 Mf103",por WS Distribuidora,,0,https://lista.mercadolivre.com.br/luminarias-arandelas-externas,"2024-06-13 22:12:12.124779",480.5
230,https://http2.mlstatic.com/D_NQ_NP_681692-MLU75140122780_032024-W.webp,Kit 24 Arandela 2 Fachos 2 Frisos Externo Interno Mf103 Cor Branco,por Forteled,,0,https://lista.mercadolivre.com.br/luminarias-arandelas-externas,"2024-06-13 22:12:12.124779",467.68
231,https://http2.mlstatic.com/D_NQ_NP_969732-MLB75076546983_032024-W.webp,Kit 10 Arandela Tartaruga Led 18w Externo Interno Bivolt,nao_informado,"4.9",17,https://lista.mercadolivre.com.br/luminarias-arandelas-externas,"2024-06-13 22:12:12.124779",192.6
232,https://http2.mlstatic.com/D_NQ_NP_624884-MLB76696040011_052024-W.webp,"15 Arandela Triangular Alumínio Muro Parede Externa Interna",nao_informado,"4.8",4,https://lista.mercadolivre.com.br/luminarias-arandelas-externas,"2024-06-13 22:12:12.124779",575.25
233,https://http2.mlstatic.com/D_NQ_NP_757958-MLU73467926294_122023-W.webp,"7x Arandela Externa 2 Focos Friso Parede Muro + Led Incluso Cor Marrom Led Quente",por DAZ Iluminacao,"4.8",201,https://lista.mercadolivre.com.br/luminarias-arandelas-externas,"2024-06-13 22:12:12.124779",261.99
234,https://http2.mlstatic.com/D_NQ_NP_981767-MLU69857229837_062023-W.webp,Arandela Led 4w Branco Quente Ctb,nao_informado,"4.8",16,https://lista.mercadolivre.com.br/luminarias-arandelas-externas,"2024-06-13 22:12:12.124779",35.54
235,https://http2.mlstatic.com/D_NQ_NP_681635-MLU75141939544_032024-W.webp,Luminária Arandela Industrial Retrô Vintage Paris Marrom 110V/220V,nao_informado,"4.6",34,https://lista.mercadolivre.com.br/luminarias-arandelas-externas,"2024-06-13 22:12:12.124779",72.6
236,https://http2.mlstatic.com/D_NQ_NP_626811-MLU69682254833_052023-W.webp,Arandela Slim Quatros Fachos Preta 6w Pix Iluminação Cor Preto 110V/220V,nao_informado,"4.6",28,https://lista.mercadolivre.com.br/luminarias-arandelas-externas,"2024-06-13 22:12:12.124779",55.33
237,https://http2.mlstatic.com/D_NQ_NP_923076-MLB72981382764_112023-W.webp,"14x Arandela Externa Slim 6 Frisos + Led G9 5w Mf 101",por Forteled,,0,https://lista.mercadolivre.com.br/luminarias-arandelas-externas,"2024-06-13 22:12:12.124779",555.94
238,https://http2.mlstatic.com/D_NQ_NP_841106-MLB76026205405_042024-W.webp,"10x Arandelas Mini Slim 2 Focos De Parede Externa Muro Mf143",por WS Distribuidora,,0,https://lista.mercadolivre.com.br/luminarias-arandelas-externas,"2024-06-13 22:12:12.124779",219.15
239,https://http2.mlstatic.com/D_NQ_NP_848537-MLU73481290682_122023-W.webp,Kit Com 10 Arandelas Preta Soquete G9 - Mf115 Externa Cor Preto 110v/220v,por Guardiao Shop,"4.6",234,https://lista.mercadolivre.com.br/luminarias-arandelas-externas,"2024-06-13 22:12:12.124779",299.19
240,https://http2.mlstatic.com/D_NQ_NP_998392-MLU71900808306_092023-W.webp,Arandela Luminária Slim 6 Frisos 2 Fachos Externa E Interna Cor Marrom 110V/220V,por WS Distribuidora,"4.8",13,https://lista.mercadolivre.com.br/luminarias-arandelas-externas,"2024-06-13 22:12:12.124779",23.31
241,https://http2.mlstatic.com/D_NQ_NP_947521-MLU73581936234_122023-W.webp,Arandela 2 Focos Alumínio 22 Cm Interna Externa Dicroica 202 Cor Branco texturizado,nao_informado,"4.6",41,https://lista.mercadolivre.com.br/luminarias-arandelas-externas,"2024-06-13 22:12:12.124779",43.61
242,https://http2.mlstatic.com/D_NQ_NP_629444-MLA53071129303_122022-W.webp,Arandela Externa Interna De Efeito Preta 4 Fachos Led 4w Luz Branco Quente 3000k - Embuled,nao_informado,"4.8",38,https://lista.mercadolivre.com.br/luminarias-arandelas-externas,"2024-06-13 22:12:12.124779",46.38
243,https://http2.mlstatic.com/D_NQ_NP_846262-MLU73480605460_122023-W.webp,"6x Arandela Externa 2 Focos Friso Parede Muro + Led Incluso Cor Branco Led Frio",por DAZ Iluminacao,"4.8",201,https://lista.mercadolivre.com.br/luminarias-arandelas-externas,"2024-06-13 22:12:12.124779",233.99
244,https://http2.mlstatic.com/D_NQ_NP_730866-MLB76652148143_052024-W.webp,"7x Arandela Elegance Externa 2 Fachos Led 4w 3000k Ip65",nao_informado,,0,https://lista.mercadolivre.com.br/luminarias-arandelas-externas,"2024-06-13 22:12:12.124779",382.1
245,https://http2.mlstatic.com/D_NQ_NP_933569-MLU69357446225_052023-W.webp,Pendente Arandela Colonial Sextavada Ideal Iluminação Preta 110V 220V (Bivolt),nao_informado,"4.7",545,https://lista.mercadolivre.com.br/luminarias-arandelas-externas,"2024-06-13 22:12:12.124779",84.9
246,https://http2.mlstatic.com/D_NQ_NP_679027-MLB40747561788_022020-W.webp,Kit 10 Arandelas Dois Fachos 3 Frisos E27 Efeito Externo/int,nao_informado,"5.0",2,https://lista.mercadolivre.com.br/luminarias-arandelas-externas,"2024-06-13 22:12:12.124779",349.9
247,https://http2.mlstatic.com/D_NQ_NP_910751-MLB29645114109_032019-W.webp,"5 Arandela 5 Vidros Retangular Alumínio Muro Parede Ext Cor Branco 110V/220V",nao_informado,"4.7",9,https://lista.mercadolivre.com.br/luminarias-arandelas-externas,"2024-06-13 22:12:12.124779",225.75
248,https://http2.mlstatic.com/D_NQ_NP_984139-MLU73480605056_122023-W.webp,"13x Arandela Externa 2 Focos Friso Parede Muro + Led Incluso Cor Marrom Led Quente",por DAZ Iluminacao,"4.8",201,https://lista.mercadolivre.com.br/luminarias-arandelas-externas,"2024-06-13 22:12:12.124779",494.99
249,https://http2.mlstatic.com/D_NQ_NP_797959-MLU73600341774_122023-W.webp,Arandela Eco E27 Soquete Comum 2 Frisos 2 Foco Marrom Mf131 110V/220V,por Guardiao Shop,,0,https://lista.mercadolivre.com.br/luminarias-arandelas-externas,"2024-06-13 22:12:12.124779",31.14
250,https://http2.mlstatic.com/D_NQ_NP_739517-MLU73461368840_122023-W.webp,"6 Arandelas Externa Rústica Preta Tlf26 Colonial Taschibra Cor Preto 110V/220V",nao_informado,"4.9",26,https://lista.mercadolivre.com.br/luminarias-arandelas-externas,"2024-06-13 22:12:12.124779",605.5
251,https://http2.mlstatic.com/D_NQ_NP_914956-MLU73574519195_122023-W.webp,"7x Arandela Externa 2 Focos Friso Parede Muro + Led Incluso Cor Preto Led Frio",por DAZ Iluminacao,"4.8",201,https://lista.mercadolivre.com.br/luminarias-arandelas-externas,"2024-06-13 22:12:12.124779",261.99
252,https://http2.mlstatic.com/D_NQ_NP_857498-MLB51072950239_082022-W.webp,Arandela Slim 2 Fachos Uso Externo Interno Led Integrado 4w 110V/220V,nao_informado,"4.7",20,https://lista.mercadolivre.com.br/luminarias-arandelas-externas,"2024-06-13 22:12:12.124779",29.54
253,https://http2.mlstatic.com/D_NQ_NP_686773-MLB71118214835_082023-W.webp,Arandela Parede Externa Slim 2 Frisos E Focos + Led 5w Mf167,por WS Distribuidora,,0,https://lista.mercadolivre.com.br/luminarias-arandelas-externas,"2024-06-13 22:12:12.124779",35.41
254,https://http2.mlstatic.com/D_NQ_NP_677119-MLB31047935777_062019-W.webp,"25 Arandela Led 5w 2 Fachos Dois Focos Externa Alumínio",nao_informado,,0,https://lista.mercadolivre.com.br/luminarias-arandelas-externas,"2024-06-13 22:12:12.124779",614.46
255,https://http2.mlstatic.com/D_NQ_NP_915514-MLU73566750975_122023-W.webp,"5 Arandela 5 Vidros Retangular Alumínio Muro Parede Ext Cor Preto 110V/220V",nao_informado,"4.7",9,https://lista.mercadolivre.com.br/luminarias-arandelas-externas,"2024-06-13 22:12:12.124779",225.75
256,https://http2.mlstatic.com/D_NQ_NP_761360-MLB76500358352_052024-W.webp,"10 Arandela Triangular Alumínio Muro Parede Externa Interna",nao_informado,"5.0",2,https://lista.mercadolivre.com.br/luminarias-arandelas-externas,"2024-06-13 22:12:12.124779",460.2
257,https://http2.mlstatic.com/D_NQ_NP_915128-MLB75434161840_042024-W.webp,"16x Arandela Triangular Externa E27 Luminária Mf110",por Forteled,,0,https://lista.mercadolivre.com.br/luminarias-arandelas-externas,"2024-06-13 22:12:12.124779",921.71
258,https://http2.mlstatic.com/D_NQ_NP_918944-MLU74519018613_022024-W.webp,Arandela Tartaruga Led 8w Blindado 3000k 5700k Save Energy Cor Branco-frio,nao_informado,,0,https://lista.mercadolivre.com.br/luminarias-arandelas-externas,"2024-06-13 22:12:12.124779",13.55
