image,produto,preco,cents,loja,reviews rating number,reviews amount
https://http2.mlstatic.com/D_NQ_NP_956003-MLU74996849449_032024-W.webp,Arandela Alumínio 5 Vidros Com 45 Cm Para 2x Lâmpadas E27 Cor Preto,128,85,,4.9,(20)
https://http2.mlstatic.com/D_NQ_NP_883562-MLU74126713025_012024-W.webp,Arandela Eclipse Luz Indireta 12w 3000k Ip65 Led Integrado Cor Preto 110V/220V,63,1,,4.7,(46)
https://http2.mlstatic.com/D_NQ_NP_906070-MLU71779339548_092023-W.webp,Arandela Slim 2 Frisos 2 Focos 12x12x4 Cm Externa Cor Preto 110V/220V,25,19,por Forteled,4.6,(424)
https://http2.mlstatic.com/D_NQ_NP_732091-MLU73486025152_122023-W.webp,Arandela Mini Slim Moderna Efeito Interna Externa Mf143 Preto,25,19,por Forteled,4.5,(107)
https://http2.mlstatic.com/D_NQ_NP_936518-MLU71832564943_092023-W.webp,Arandelas Slim Externa Alumínio 2 Frisos 2 Fachos Mf103 Cor Branco 110V/220V,25,19,por Forteled,4.6,(424)
https://http2.mlstatic.com/D_NQ_NP_941396-MLU75468292268_042024-W.webp,Arandela Alumínio 2 Focos Externa Interna + Lâmpada 5w 3000k quente Inclusa 6205,38,6,,4.6,(177)
https://http2.mlstatic.com/D_NQ_NP_813826-MLU73552074839_122023-W.webp,Luminária Arandela Tartaruga Externa Grade e-27 Preto 110V/220V,19,39,,4.5,(747)
https://http2.mlstatic.com/D_NQ_NP_741698-MLU73410060620_122023-W.webp,Arandela Externa Led Facho Duplo Ajustável 5w Ip66 Luz 3000k Cor Preto,39,80,,4.8,(64)
https://http2.mlstatic.com/D_NQ_NP_833578-MLB71069644589_082023-W.webp, Arandela De Parede Externa E Interna Para Muro E Parede,24,99,,4.3,(762)
https://http2.mlstatic.com/D_NQ_NP_950500-MLB29906910514_042019-W.webp,Arandela Slim Interna Externa Alumínio 2 Friso Moderna,22,90,,4.6,(3152)
https://http2.mlstatic.com/D_NQ_NP_861230-MLB73927067811_012024-W.webp,Arandela 2 Focos E Frisos Externa Interna Parede Ar1015 Full,26,90,por Ideallume,4.7,(117)
https://http2.mlstatic.com/D_NQ_NP_700734-MLB70299993541_072023-W.webp,10 Balizador Led Slim 3000k 4w Bivolt Parede Escada Muro,199,17,,4.4,(25)
https://http2.mlstatic.com/D_NQ_NP_617581-MLB41069867710_032020-W.webp,Kit 10 Luminária Arandela Tartaruga Externa Com Grade OPL Cor Preto 110v/220v,71,90,,4.5,(747)
https://http2.mlstatic.com/D_NQ_NP_662383-MLU71779339570_092023-W.webp,Arandela Slim 2 Fachos 2 Frisos Externo Muro Parede Mf103 Cor Marrom 110V/220V,25,19,por Forteled,4.6,(424)
https://http2.mlstatic.com/D_NQ_NP_665274-MLU73413056224_122023-W.webp,Arandela Colonial Preto Alumínio Muro Parede Externa Ar2007,99,19,,5.0,(27)
https://http2.mlstatic.com/D_NQ_NP_954245-MLU71900818222_092023-W.webp,Arandela Externa Eco 3 Frisos E 2 Focos Alumínio Parede Muro Preto Para Lâmpada Comum Soquete E27 Mf130,38,74,por WS Distribuidora,4.8,(221)
https://http2.mlstatic.com/D_NQ_NP_652944-MLB49015308712_022022-W.webp,Arandela Externa Colonial Vintage Retro Quadrada Preto 336 127V/220V,60,87,,4.5,(594)
https://http2.mlstatic.com/D_NQ_NP_656578-MLU69349155934_052023-W.webp,Luminária Arandela 6w Sobrepor Branco Quente 3000k Cor Preto 127V/220V,39,99,,4.4,(17)
https://http2.mlstatic.com/D_NQ_NP_775131-MLB29906985602_042019-W.webp,Arandela Led 5w Externa Alumínio 2 Friso Lampada Inclusa,29,90,,4.6,(1278)
https://http2.mlstatic.com/D_NQ_NP_941127-MLB74757128865_022024-W.webp,Arandela De Parede Pendente Luminária Aramado Diamante Preto,29,90,,4.7,(322)
https://http2.mlstatic.com/D_NQ_NP_669119-MLB52178034240_102022-W.webp,Arandela Facho De Luz Parede Muro E27 P/ Lâmpada Padrão,33,80,,4.6,(140)
https://http2.mlstatic.com/D_NQ_NP_717259-MLU74098845889_012024-W.webp,Arandela Externa 2 Focos E Frisos Parede Muro + Led Incluso Cor Preto Led Quente,44,99,por DAZ Iluminacao,4.8,(203)
https://http2.mlstatic.com/D_NQ_NP_993912-MLU73467799544_122023-W.webp,4x Arandela Solar 2 Focos Parede Slim 10 Fachos Led Externa Cor Branco Quente 10 LED,78,99,por GoldenSky,3.9,(286)
https://http2.mlstatic.com/D_NQ_NP_637064-MLU72362058511_102023-W.webp,Arandela 2 Focos E 2 Frisos Externa Parede Muro MF115 Cor Preto,27,49,por Forteled,4.6,(235)
https://http2.mlstatic.com/D_NQ_NP_939110-MLB52113764902_102022-W.webp,Arandela Led Tartaruga Phare 24w Ilum Externa À Prova D'água Cor Branco,31,12,,4.7,(387)
https://http2.mlstatic.com/D_NQ_NP_640247-MLU74193758973_012024-W.webp,10x Arandela Parede Externa Mini Slim 2 Frisos G9 MF143,204,74,por WS Distribuidora,4.5,(107)
https://http2.mlstatic.com/D_NQ_NP_793651-MLU73553093331_122023-W.webp,Luminária Arandela De Parede Estilo Industrial Preto E Cobre 110V/220V,62,4,,4.7,(185)
https://http2.mlstatic.com/D_NQ_NP_670796-MLU73009129817_112023-W.webp,Arandela Externa 5 Vidros Alumínio Muro Parede E27 Cor Branco,47,99,por DAZ Iluminacao,4.7,(462)
https://http2.mlstatic.com/D_NQ_NP_660701-MLU75358792775_032024-W.webp,Arandela Solar Parede Externo Led Filamento Colonial Vintage Cor Preto 3.7V,32,90,,4.4,(199)
https://http2.mlstatic.com/D_NQ_NP_915850-MLU74218935843_012024-W.webp,Luminária Parede Taschibra Tartaruga Phare 24w 6500k Bivolt 110V/220V,33,27,,4.7,(387)
https://http2.mlstatic.com/D_NQ_NP_665371-MLU73473159468_122023-W.webp,Kit 10 Luminária Arandela Tartaruga Externa Sem Grade E27 Cor Branco,65,67,,4.5,(135)
https://http2.mlstatic.com/D_NQ_NP_643475-MLU75800294381_042024-W.webp,Arandela Slim 2 Frisos Luminária Moderna Interna Ou Externa Cor Preto,17,92,,4.4,(129)
https://http2.mlstatic.com/D_NQ_NP_775131-MLB29906985602_042019-W.webp,Arandela Led 5w Externa Alumínio 2 Friso Lampada Inclusa,29,90,,4.6,(1278)
https://http2.mlstatic.com/D_NQ_NP_615428-MLU73467836952_122023-W.webp,Arandela Slim Inter Externa Alumínio 2 Friso Moderna St2527 Cor Branco 110V/220V,34,4,por Starlumen,4.6,(439)
https://http2.mlstatic.com/D_NQ_NP_707666-MLU76131637251_052024-W.webp,Kit 10 Luminária Arandela Tartaruga Externa Com Grade   110v/220v,71,90,,4.5,(747)
https://http2.mlstatic.com/D_NQ_NP_758992-MLU75261599533_032024-W.webp,Arandela 5 Vidros Branca Uso Externo Garagem Soquete E27 Comum Mf109,76,26,por WS Distribuidora,4.6,(77)
https://http2.mlstatic.com/D_NQ_NP_941127-MLB74757128865_022024-W.webp,Arandela De Parede Pendente Luminária Aramado Diamante Preto,29,90,,4.7,(322)
https://http2.mlstatic.com/D_NQ_NP_616067-MLU71900818032_092023-W.webp,Arandela Externa Eco 3 Frisos E 2 Focos Alumínio Parede Muro Branco Para Lâmpada Comum Soquete E27 Mf130,38,74,por WS Distribuidora,4.8,(221)
https://http2.mlstatic.com/D_NQ_NP_967876-MLU69682255211_052023-W.webp,Arandela Parede Muro Externa Interna Policarbonato Branca Cor Branco 110V/220V,29,27,,4.8,(13)
https://http2.mlstatic.com/D_NQ_NP_657694-MLU73461370270_122023-W.webp,Arandela Focos Fachos Frisos 30cm P/ 2 Lâmpadas E27 St1286 Cor Preto 110V 220V (Bivolt),49,63,por Starlumen,4.7,(225)
https://http2.mlstatic.com/D_NQ_NP_908332-MLU74085577212_012024-W.webp,Arandela Mini Slim 2 Focos Externo Muro Parede Mf143 Cor Branco 110v/220v,25,19,por Forteled,4.5,(107)
https://http2.mlstatic.com/D_NQ_NP_650428-MLU72374328703_102023-W.webp,Arandela 2 Focos E Frisos Externa Parede Muro Mf115 Cor Marrom Bivolt,27,49,por Forteled,4.6,(235)
https://http2.mlstatic.com/D_NQ_NP_713520-MLU72931106430_112023-W.webp,Arandela Externa 5 Vidros Alumínio Muro Parede E27 Cor Preto,47,99,por DAZ Iluminacao,4.7,(462)
https://http2.mlstatic.com/D_NQ_NP_997869-MLU73726912188_012024-W.webp,2x Arandela Solar 2 Focos Parede Slim 10 Fachos Led Externa Cor Branco Quente 10 LED,41,89,por GoldenSky,4.0,(609)
https://http2.mlstatic.com/D_NQ_NP_825987-MLU70681285376_072023-W.webp,Arandela Slim Branca Ajustável Parede Led Integrado 3w Cor Branco bivolt,57,35,,4.8,(52)
https://http2.mlstatic.com/D_NQ_NP_933843-MLU73468953592_122023-W.webp,Arandela 4 Vidros Triângulo Alumínio Externa E27 Parede Muro Cor Preto,49,90,,4.7,(132)
https://http2.mlstatic.com/D_NQ_NP_639939-MLU71814369661_092023-W.webp,2 X Arandela Solar 4 Focos Parede Slim 12 Fachos Led Externa Cor Amarelo 3000K,61,99,por GoldenSky,4.0,(609)
https://http2.mlstatic.com/D_NQ_NP_796455-MLU73543847154_122023-W.webp,2 X Arandela Solar 4 Focos Parede Slim 12 Fachos Led Externa Cor Branco,61,99,por GoldenSky,4.0,(609)
https://http2.mlstatic.com/D_NQ_NP_915238-MLU73565685781_122023-W.webp,4 Luminárias Arandela Led Meia Lua (cor Preta) 8w E 8 Fachos Cor Branco Bivolt,140,61,,4.2,(18)
https://http2.mlstatic.com/D_NQ_NP_727520-MLB52510305344_112022-W.webp,6 Arandela Preta Massuia Externa E Interna 6 Lâmpada Led 5w,220,25,,4.5,(155)
https://http2.mlstatic.com/D_NQ_NP_631767-MLU69395909820_052023-W.webp,Arandela Alumínio 2 Focos Interna Externa Parede Muro 6205 Cor Preto,31,94,,4.2,(25)
https://http2.mlstatic.com/D_NQ_NP_994471-MLU72919937814_112023-W.webp,Arandela Externa 5 Vidros Alumínio Muro Parede E27 Cor Marrom,47,99,por DAZ Iluminacao,4.7,(462)
https://http2.mlstatic.com/D_NQ_NP_697802-MLU74231079219_012024-W.webp,Kit 2x Balizador Led 2w 4x2 Avant Branco Quente 3000k 110v/220v,57,90,,,
https://http2.mlstatic.com/D_NQ_NP_634873-MLU74338207481_022024-W.webp,Arandela Externa Luminária Parede Alumínio G9 Mf180 Cor Branco 110V/220V,29,59,por Forteled,5.0,(4)
https://http2.mlstatic.com/D_NQ_NP_832575-MLU73412736228_122023-W.webp,Poste De Barbeiro Lojinha Do Barbeiro 65 Cm 110/220w Cor Tradicional 220W,339,90,,5.0,(16)
https://http2.mlstatic.com/D_NQ_NP_815782-MLB75299918244_032024-W.webp,Barber Pole Giratório 50cm  110/220v Estilo Americano,282,84,,4.7,(199)
https://http2.mlstatic.com/D_NQ_NP_950500-MLB29906910514_042019-W.webp,Arandela Slim Interna Externa Alumínio 2 Friso Moderna,22,90,,4.6,(3152)
https://http2.mlstatic.com/D_NQ_NP_699692-MLU73651753854_012024-W.webp,2x Arandela Solar 2 Focos Parede Slim 10 Fachos Led Externa Cor Branco Frio 10 LED,41,89,por GoldenSky,4.0,(609)
https://http2.mlstatic.com/D_NQ_NP_654985-MLU73461325260_122023-W.webp,Arandela Slim Inter Externa Alumínio 2 Friso Moderna St2527 Cor Marrom 110V/220V,34,4,por Starlumen,4.6,(439)
https://http2.mlstatic.com/D_NQ_NP_720279-MLU74520203845_022024-W.webp,4x Arandela Solar Slim 2 Focos Luminaria Parede Externa Ip65 1.2V,78,89,por GoldenSky,4.3,(145)
https://http2.mlstatic.com/D_NQ_NP_845262-MLU73568518411_122023-W.webp,Arandela Box Com Abas Efeito Luminária Externa Cor Preto,57,90,por DAZ Iluminacao,4.4,(67)
https://http2.mlstatic.com/D_NQ_NP_746273-MLU76222177929_052024-W.webp,1x Arandela Duplo Facho Longo Externa Dicroica Alumínio Luminária Parede MF164 Cor Branco 110V/220V,40,59,por Forteled,4.6,(15)
https://http2.mlstatic.com/D_NQ_NP_931565-MLU74221095202_012024-W.webp,Arandela De Parede Externa 6w Luminária Efeito Cor Branco,42,99,por DAZ Iluminacao,4.5,(35)
https://http2.mlstatic.com/D_NQ_NP_717259-MLU74098845889_012024-W.webp,Arandela Externa 2 Focos E Frisos Parede Muro + Led Incluso Cor Preto Led Quente,44,99,por DAZ Iluminacao,4.8,(203)
https://http2.mlstatic.com/D_NQ_NP_776350-MLU76130314717_052024-W.webp,Kit 4 Arandelas 2 Foco E 2 Friso Externa Parede Muro Ar1510,109,90,por Ideallume,,
https://http2.mlstatic.com/D_NQ_NP_941396-MLU75468292268_042024-W.webp,Arandela Alumínio 2 Focos Externa Interna + Lâmpada 5w 3000k quente Inclusa 6205,38,6,,4.6,(177)
https://http2.mlstatic.com/D_NQ_NP_711763-MLU75260265061_032024-W.webp,Arandela 5 Vidros Uso Externo Garagem Soquete E27 Mf109 Cor Marrom,76,26,por WS Distribuidora,4.6,(77)
https://http2.mlstatic.com/D_NQ_NP_832575-MLU73412736228_122023-W.webp,Poste De Barbeiro Lojinha Do Barbeiro 65 Cm 110/220w Cor Tradicional 220W,339,90,,5.0,(16)
https://http2.mlstatic.com/D_NQ_NP_950500-MLB29906910514_042019-W.webp,Arandela Slim Interna Externa Alumínio 2 Friso Moderna,22,90,,4.6,(3152)
https://http2.mlstatic.com/D_NQ_NP_755029-MLU73459532082_122023-W.webp,Arandela De Aluminio E27 Bivolt Preto Rioprelustres 6213,42,81,,4.6,(141)
https://http2.mlstatic.com/D_NQ_NP_755933-MLU72714589141_112023-W.webp,Arandela Parede Muro Externa Interna Slim Alumínio Moderna Para Lâmpada G9 Preto Mf123,31,77,por Forteled,4.6,(13)
https://http2.mlstatic.com/D_NQ_NP_996495-MLB47690337979_092021-W.webp,Arandela Duo Blindada Efeito 2 Fachos Duplo Led 4w 3000k Cor Preto,37,24,,4.8,(61)
https://http2.mlstatic.com/D_NQ_NP_985476-MLB51183376582_082022-W.webp,Luminaria Parede Arandelas Externas Arandela Tartaruga Preto,29,40,,4.5,(63)
https://http2.mlstatic.com/D_NQ_NP_861230-MLB73927067811_012024-W.webp,Arandela 2 Focos E Frisos Externa Interna Parede Ar1015 Full,26,90,por Ideallume,4.7,(117)
https://http2.mlstatic.com/D_NQ_NP_787420-MLB72087828251_102023-W.webp,Arandela Slim 1 Foco Externa Parede Alumínio Ar1111 Full,25,90,por Ideallume,4.0,(17)
https://http2.mlstatic.com/D_NQ_NP_740809-MLU75861207841_042024-W.webp,Arandela Slim Globo 10 Jabuticaba Preto Fosco C/ Led,78,90,,,
https://http2.mlstatic.com/D_NQ_NP_610838-MLB50318671777_062022-W.webp,4 Arandelas Tartaruga Led 15w Ip65 Bivolt Interna/externa Cor Branco 110V/220V,73,20,,4.7,(86)
https://http2.mlstatic.com/D_NQ_NP_851995-MLU69349476314_052023-W.webp,Luminária Tartaruga Led Sobrepor Avant 12w 3000k Ip65 110V/220V,22,77,por MG Solucoes,4.4,(47)
https://http2.mlstatic.com/D_NQ_NP_853130-MLU76332287975_052024-W.webp,Arandela Externa Slim 2 Focos 3 Frisos Parede Ar915 Full Bivolt,24,90,por Ideallume,,
https://http2.mlstatic.com/D_NQ_NP_926166-MLU74085578596_012024-W.webp,Arandela Mini Slim Externa Moderna Alumínio MF143 Marrom,25,19,por Forteled,4.5,(107)
https://http2.mlstatic.com/D_NQ_NP_955140-MLA72853953441_112023-W.webp,Luminária arandela de parede Starlumen ST294 cor preto 110V/220V,35,52,por Starlumen,4.8,(44)
https://http2.mlstatic.com/D_NQ_NP_775895-MLU72362315461_102023-W.webp,Arandela Externa Luminária de Parede Alumínio 2 Frisos Branco G9 MF115 110V/220V,27,49,por Forteled,4.6,(235)
https://http2.mlstatic.com/D_NQ_NP_677843-MLU75127663217_032024-W.webp,Arandela Colonial Clássica 4 Faces Em Alumínio - Preta Cor Preto 110V/220V,160,49,,4.8,(13)
https://http2.mlstatic.com/D_NQ_NP_767636-MLB51699614194_092022-W.webp,Arandela Retrô P/ Tempo Áreas Externas Parede Corredor Poste Cor Escovado 110V/220V,33,95,,4.5,(1184)
https://http2.mlstatic.com/D_NQ_NP_678854-MLU75009973982_032024-W.webp,Arandela Led Eclipse 12w Luz Indireta Amarela 3000k Ip65 Cor Branco 110V/220V,78,90,,5.0,(3)
https://http2.mlstatic.com/D_NQ_NP_713116-MLU73470867984_122023-W.webp,Arandela Box Com Abas Efeito Luminária Externa + Led Cor Branco Quente,69,90,por DAZ Iluminacao,4.4,(67)
https://http2.mlstatic.com/D_NQ_NP_951906-MLB74110406020_012024-W.webp,Luminaria Elgin Tartaruga led  6500k bivolt 8w  ,19,90,,4.8,(24)
https://http2.mlstatic.com/D_NQ_NP_636348-MLU70242777457_062023-W.webp,Arandela Externa Luminária Alumínio 2 Focos E 2 Frisos Megaforte Iluminação Mf150 Preto,42,79,por Forteled,4.8,(22)
https://http2.mlstatic.com/D_NQ_NP_767118-MLA72597535646_112023-W.webp,Luminária arandela led de parede Starlumen ST2772 - SLIM 3 FRISOS,34,4,por Starlumen,4.6,(116)
https://http2.mlstatic.com/D_NQ_NP_989489-MLU75734775974_042024-W.webp,Arandela Colonial Vintage Retrô Alumínio Toulouse Ouro Velho Cor Ouro-velho 110V/220V,210,99,,4.9,(19)
https://http2.mlstatic.com/D_NQ_NP_994790-MLU76221811211_052024-W.webp,1x Arandela Duplo Facho Longo Externa Dicroica Alumínio Luminária Parede MF164 Cor Preto 110V/220V,40,59,por Forteled,4.6,(15)
https://http2.mlstatic.com/D_NQ_NP_669119-MLB52178034240_102022-W.webp,Arandela Facho De Luz Parede Muro E27 P/ Lâmpada Padrão,33,80,,4.6,(140)
https://http2.mlstatic.com/D_NQ_NP_814108-MLU74610379591_022024-W.webp,Arandela Externa MF115 Luminária de Parede com LED Branco Quente 5w G9,38,84,por Forteled,4.6,(235)
https://http2.mlstatic.com/D_NQ_NP_740320-MLU74314103976_022024-W.webp,Arandela Retangular 5 Vidros Em Alumínio- Soquete E27 Cor Branco 110v/220v,61,33,,2.6,(7)
https://http2.mlstatic.com/D_NQ_NP_890755-MLU73566354789_122023-W.webp,"Arandela Externa Duplo Foco Longo + 2 Led Dicroica Gu10 6,5w Cor Preto Led Quente",78,99,por DAZ Iluminacao,4.8,(64)
https://http2.mlstatic.com/D_NQ_NP_724607-MLB48323512807_112021-W.webp,Kit 5 Luminárias Arandela Preta Tartaruga C/ Grade Opl,68,61,,4.6,(118)
https://http2.mlstatic.com/D_NQ_NP_848565-MLU74225617302_022024-W.webp,Arandela De Parede Externa 6w Luminária Efeito Cor Preto,42,99,por DAZ Iluminacao,4.5,(35)
https://http2.mlstatic.com/D_NQ_NP_944860-MLU73566990525_122023-W.webp,Arandela Box Com Abas Efeito Luminária Externa + Led Cor Preto Quente,69,90,por DAZ Iluminacao,4.4,(67)
https://http2.mlstatic.com/D_NQ_NP_903139-MLU75010360986_032024-W.webp,Arandela Luz Geral Ice 5w Stella 3000k 20cm Stl21701br/30 Cor Branco 110V/220V,152,90,por DH Led,5.0,(7)
https://http2.mlstatic.com/D_NQ_NP_878373-MLU73573314883_122023-W.webp,Arandela Interna Externa 2 Friso Led Incluso 3000k Preto 110V/220V (Bivolt),39,49,por Soox,4.6,(54)
https://http2.mlstatic.com/D_NQ_NP_738170-MLB73060753651_112023-W.webp,1x Arandela Externa Horizontal 3 Frisos + Led G9 5w mf 101,42,90,por Forteled,4.0,(1)
https://http2.mlstatic.com/D_NQ_NP_630514-MLB72365748685_102023-W.webp, Kit 6 Arandelas De Parede Externa E Interna 2 Focos,136,70,,4.3,(292)
https://http2.mlstatic.com/D_NQ_NP_841686-MLB53544546762_012023-W.webp,Kit 3 Arandelas Externa Tempo Alumínio 100w P/ Parede Poste,78,99,,4.7,(218)
https://http2.mlstatic.com/D_NQ_NP_862339-MLB51812776927_102022-W.webp,Arandela 213 Alumínio 5 Vidros Foco Externa Muro Parede E27 Cor Branco,46,70,,5.0,(13)
https://http2.mlstatic.com/D_NQ_NP_838764-MLU71900808296_092023-W.webp,Arandela Slim 2 Fachos 6 Frisos Externo Muro Parede Mf101 Cor Preto 110V/220V,25,61,,4.8,(13)
https://http2.mlstatic.com/D_NQ_NP_936864-MLU74414640575_022024-W.webp,Luminária Tipo Tartaruga De Ferro Branca,29,58,,4.0,(1)
https://http2.mlstatic.com/D_NQ_NP_962144-MLU73461327168_122023-W.webp,Arandela Box Com Abas Efeito Luminária Externa + Led Cor Preto/Frio,69,90,por DAZ Iluminacao,4.4,(67)
https://http2.mlstatic.com/D_NQ_NP_947368-MLB48911346572_012022-W.webp,5 Balizador 4x2 Sobrepor Led Fit Slim 2w Parede Escada Muro,135,10,,4.8,(50)
https://http2.mlstatic.com/D_NQ_NP_845262-MLU73568518411_122023-W.webp,Arandela Box Com Abas Efeito Luminária Externa Cor Preto,57,90,por DAZ Iluminacao,4.4,(67)
https://http2.mlstatic.com/D_NQ_NP_946378-MLB76676836749_052024-W.webp,Arandela Meia Lua Led Pto 4 Focos 8w Luz 3000k Ip66 Bivolt,55,90,,3.4,(9)
https://http2.mlstatic.com/D_NQ_NP_665371-MLU73473159468_122023-W.webp,Kit 10 Luminária Arandela Tartaruga Externa Sem Grade E27 Cor Branco,65,67,,4.5,(135)
https://http2.mlstatic.com/D_NQ_NP_947368-MLB48911346572_012022-W.webp,5 Balizador 4x2 Sobrepor Led Fit Slim 2w Parede Escada Muro,135,10,,4.8,(50)
https://http2.mlstatic.com/D_NQ_NP_832423-MLB76675558361_052024-W.webp,Arandela Meia Lua Led Pto 3 Focos 6w Luz 3000k Ip66 Bivolt,45,90,,4.7,(18)
https://http2.mlstatic.com/D_NQ_NP_970925-MLU74518391128_022024-W.webp,Arandela Parede Externa Preta Tubular Facho Duplo LED 10W Optimus PC 2 Luzes Gu10 À Prova D'Água IP65 LLUMM Bronzearte,139,90,,4.8,(10)
https://http2.mlstatic.com/D_NQ_NP_874155-MLU73475312106_122023-W.webp,Arandela Box Cubo Pequena 6 Fachos Parede Muro St1317 Cor Preto 110V/220V (Bivolt),43,68,por Starlumen,4.5,(205)
https://http2.mlstatic.com/D_NQ_NP_995461-MLU76040533504_052024-W.webp,1x Arandela Duplo Facho Longo Externa Dicroica Alumínio Luminária Parede MF164 Cor Marrom 110V/220V,40,59,por Forteled,4.6,(15)
https://http2.mlstatic.com/D_NQ_NP_739538-MLU73529830647_122023-W.webp,Arandela 2 Focos Efeito 6 Frisos Alumínio Externa St2754 Cor Marrom 110v/220v,46,53,por Starlumen,4.7,(28)
https://http2.mlstatic.com/D_NQ_NP_988865-MLB76478686326_052024-W.webp,Arandela Meia Lua Led Pto 3 Focos 6w Luz 3000k Ip66 Bivolt,45,90,,3.9,(10)
https://http2.mlstatic.com/D_NQ_NP_861230-MLB73927067811_012024-W.webp,Arandela 2 Focos E Frisos Externa Interna Parede Ar1015 Full,26,90,por Ideallume,4.7,(117)
https://http2.mlstatic.com/D_NQ_NP_700734-MLB70299993541_072023-W.webp,10 Balizador Led Slim 3000k 4w Bivolt Parede Escada Muro,199,17,,4.4,(25)
https://http2.mlstatic.com/D_NQ_NP_982960-MLU73474032158_122023-W.webp,Arandela Colonial Alumínio Vidro Preta E27 Qualidade Cor Preto 110V/220V,149,90,por DAZ Iluminacao,4.8,(61)
https://http2.mlstatic.com/D_NQ_NP_813826-MLU73552074839_122023-W.webp,Luminária Arandela Tartaruga Externa Grade e-27 Preto 110V/220V,19,39,,4.5,(747)
https://http2.mlstatic.com/D_NQ_NP_650978-MLU75008634745_032024-W.webp,Arandela Reflex Stella 72cm 20w Preta 3000k Sth9741pto/30 Cor Preto 110V/220V,601,40,por DH Led,4.9,(9)
https://http2.mlstatic.com/D_NQ_NP_704468-MLB76939782481_062024-W.webp,Arandela 2 Foco 2 Friso Externa Parede Alumínio Ar1112 Full,24,99,por Ideallume,4.6,(646)
https://http2.mlstatic.com/D_NQ_NP_806349-MLU73566338429_122023-W.webp,3 Arandela 5 Vidros Retangular Alumínio Muro Parede Externa Cor Preto 110V/220V,135,45,,4.8,(86)
https://http2.mlstatic.com/D_NQ_NP_873050-MLB76694301191_052024-W.webp,Arandela Triangular Alumínio Muro Parede Externa Interna,43,41,,4.8,(155)
https://http2.mlstatic.com/D_NQ_NP_969732-MLB75076546983_032024-W.webp,Kit 10 Arandela Tartaruga Led 18w Externo Interno Bivolt,192,60,,4.9,(17)
https://http2.mlstatic.com/D_NQ_NP_733214-MLB71654913637_092023-W.webp,Arandela Interna Parede Moderna Led Preta 2 Focos 8w 3000k,48,60,por CasaLed Mais,4.6,(91)
https://http2.mlstatic.com/D_NQ_NP_863592-MLU74857702023_032024-W.webp,Arandela Marrom Para Parede Externa Muro 2 Frisos E Focos Em Alumínio + Lâmpada Led 5w Branco Quente G9 Bivolt Mf115,39,90,por WS Distribuidora,4.6,(235)
https://http2.mlstatic.com/D_NQ_NP_953749-MLU73567135773_122023-W.webp,3 Arandela 5 Vidros Retangular Alumínio Muro Parede Externa Cor Marrom 110V/220V,135,45,,4.8,(86)
https://http2.mlstatic.com/D_NQ_NP_804322-MLB73407290891_122023-W.webp,Luminaria Arandela Tartaruga Led Preta 20w Externa Bivolt,36,80,,4.8,(10)
https://http2.mlstatic.com/D_NQ_NP_887128-MLU73466138790_122023-W.webp,Arandela Para 1 Lâmpada Gu10 - Ideal Cor Marrom 110V/220V,90,87,,4.6,(37)
https://http2.mlstatic.com/D_NQ_NP_611257-MLB54282288160_032023-W.webp,Arandela Triângulo Alumínio 2 Vidros Externa E27 Parede Muro,46,40,,5.0,(11)
https://http2.mlstatic.com/D_NQ_NP_658857-MLB70475462435_072023-W.webp,Arandela Katarina De 15cm Com 2 Frisos - Interno Ou Externo,23,50,,5.0,(3)
https://http2.mlstatic.com/D_NQ_NP_864065-MLB54337612769_032023-W.webp,3 Luminária Arandela Led Preta 8w Parede Externa 8 Fachos,145,50,por CasaLed Mais,4.4,(155)
https://http2.mlstatic.com/D_NQ_NP_944917-MLB73905169149_012024-W.webp,Arandela Slim 2 Foco 2 Friso Aluminio + Led 5w Ar1112 Full,42,90,por Ideallume,4.7,(220)
https://http2.mlstatic.com/D_NQ_NP_653910-MLU73531041682_122023-W.webp,Arandela De Parede Led Externa 2 Fachos Ajustavel Quadrada 110v/220v,50,8,,,
https://http2.mlstatic.com/D_NQ_NP_988865-MLB76478686326_052024-W.webp,Arandela Meia Lua Led Pto 3 Focos 6w Luz 3000k Ip66 Bivolt,45,90,,3.9,(10)
https://http2.mlstatic.com/D_NQ_NP_732339-MLB40606196844_012020-W.webp,Arandela 2 Focos E Frisos Externa Parede Muro ,29,90,,4.7,(1306)
https://http2.mlstatic.com/D_NQ_NP_620743-MLU74338322037_022024-W.webp,Arandela Preta Para Parede Externa Muro 2 Frisos E Focos Em Alumínio + Lâmpada Led 5w Branco Frio G9 Bivolt Mf115,39,71,por WS Distribuidora,4.6,(235)
https://http2.mlstatic.com/D_NQ_NP_756098-MLU73474085590_122023-W.webp,Arandela Focos Fachos Frisos 30cm P/ 2 Lâmpadas E27 St1286 Cor Branco 110V 220V (Bivolt),49,63,por Starlumen,4.7,(225)
https://http2.mlstatic.com/D_NQ_NP_703920-MLB32910267803_112019-W.webp,Arandela Externa Slim Dois Fachos Luminária Parede Interna ,22,90,,4.4,(210)
https://http2.mlstatic.com/D_NQ_NP_839227-MLU70029606293_062023-W.webp,Luminária colonial led de parede Ideal Iluminação L-1-B 110V/220V,62,90,,4.8,(961)
https://http2.mlstatic.com/D_NQ_NP_885610-MLB74571018422_022024-W.webp,Arandela Led Luz Indireta 15w Luz Amarela 3000k Ip65,189,55,,,
https://http2.mlstatic.com/D_NQ_NP_776070-MLU73552923215_122023-W.webp,Luminária Arandela Colonial Externa Quadrada Preta Cor Preto 110V/220V (Bivolt),62,90,,4.8,(156)
https://http2.mlstatic.com/D_NQ_NP_953315-MLU75210780666_032024-W.webp,Arandela 2 Focos Perfil E27 Efeito 30cm Garagem Efeito Cor Preto 110V/220V,109,90,por DAZ Iluminacao,,
https://http2.mlstatic.com/D_NQ_NP_948910-MLB51949265482_102022-W.webp,Arandela Interno Retro Dubai Alumínio Decorações Full,49,90,por Ideallume,4.7,(222)
https://http2.mlstatic.com/D_NQ_NP_776350-MLU76130314717_052024-W.webp,Kit 4 Arandelas 2 Foco E 2 Friso Externa Parede Muro Ar1510,109,90,por Ideallume,,
https://http2.mlstatic.com/D_NQ_NP_918420-MLB76497994798_052024-W.webp,3 Arandela 3 Vidros Retangular Alumínio Muro Parede Externa,180,60,,4.9,(27)
https://http2.mlstatic.com/D_NQ_NP_966000-MLB74135790656_012024-W.webp,Arandela Frizzy Marrom Com Led Halopin G9 110V/220V,20,90,,4.6,(36)
https://http2.mlstatic.com/D_NQ_NP_889632-MLU73476153824_122023-W.webp,Arandela Box Com Abas Efeito Luminária Externa Cor Branco,57,90,por DAZ Iluminacao,4.4,(67)
https://http2.mlstatic.com/D_NQ_NP_861775-MLB73119510014_122023-W.webp,Arandela Triângulo Alumínio 2 Vidros Externa E27 Parede Muro,52,20,,4.7,(545)
https://http2.mlstatic.com/D_NQ_NP_727509-MLU70488154228_072023-W.webp,Arandela Externa Luminária Alumínio 2 Focos E 2 Frisos Megaforte Iluminação Mf150 Marrom,42,79,por Forteled,4.8,(22)
https://http2.mlstatic.com/D_NQ_NP_713443-MLB32910279581_112019-W.webp,Arandela Externa Slim 1 Foco,24,90,,4.4,(99)
https://http2.mlstatic.com/D_NQ_NP_892055-MLU73470826620_122023-W.webp,Arandela Tartaruga Parede Externa Teto Luminaria Cor Preto,23,68,,4.5,(27)
https://http2.mlstatic.com/D_NQ_NP_833301-MLB76647742829_052024-W.webp,Arandela Ext Led Facho Duplo Ajustável 5w Ip66 Luz 3000k Pto,65,90,,4.6,(45)
https://http2.mlstatic.com/D_NQ_NP_854550-MLB53070751264_122022-W.webp,Arandela Led 5w 2 Fachos Dois Focos Externa Alumínio,32,90,,4.7,(241)
https://http2.mlstatic.com/D_NQ_NP_946378-MLB76676836749_052024-W.webp,Arandela Meia Lua Led Pto 4 Focos 8w Luz 3000k Ip66 Bivolt,55,90,,3.4,(9)
https://http2.mlstatic.com/D_NQ_NP_939365-MLU73553549881_122023-W.webp,Arandela Slim 2 Focos Alumínio Externa + Led Incluso Cor Preto Led Quente,38,99,por DAZ Iluminacao,4.5,(59)
https://http2.mlstatic.com/D_NQ_NP_626773-MLU74197909590_012024-W.webp,Arandela Externa 2 Focos E Frisos Parede Muro + Led Incluso Cor Marrom Led Frio,44,99,por DAZ Iluminacao,4.8,(203)
https://http2.mlstatic.com/D_NQ_NP_864977-MLB50772657408_072022-W.webp,Arandela De Parede Moderna Luminaria Externa Interna Efeito Cor Preto 110V/220V,70,23,,4.6,(37)
https://http2.mlstatic.com/D_NQ_NP_916666-MLU73470798118_122023-W.webp,Arandela Triângulo Alumínio 2 Vidros Externa E27 Parede Muro Cor Branco,46,70,,4.6,(18)
https://http2.mlstatic.com/D_NQ_NP_861230-MLB73927067811_012024-W.webp,Arandela 2 Focos E Frisos Externa Interna Parede Ar1015 Full,26,90,por Ideallume,4.7,(117)
https://http2.mlstatic.com/D_NQ_NP_602939-MLB73914777044_012024-W.webp,Arandela 2 Focos E 3 Frisos Externa Parede Muro Ar1513 Full,28,90,por Ideallume,4.7,(171)
https://http2.mlstatic.com/D_NQ_NP_944917-MLB73905169149_012024-W.webp,Arandela Slim 2 Foco 2 Friso Aluminio + Led 5w Ar1112 Full,42,90,por Ideallume,4.7,(220)
https://http2.mlstatic.com/D_NQ_NP_916666-MLU73470798118_122023-W.webp,Arandela Triângulo Alumínio 2 Vidros Externa E27 Parede Muro Cor Branco,46,70,,4.6,(18)
https://http2.mlstatic.com/D_NQ_NP_677778-MLB75528342897_042024-W.webp,Arandela 2 Frisos E Facho Externa + Led G9 5w,62,40,,4.8,(5)
https://http2.mlstatic.com/D_NQ_NP_757552-MLU73600475719_122023-W.webp,Arandela Blindada 2 Fachos Ajustavel Led 150lm 3000k Cubo Cor Branco 110V/220V,39,99,,4.6,(8)
https://http2.mlstatic.com/D_NQ_NP_814572-MLA54436959204_032023-W.webp,Arandela Externa Luminária Alumínio 2 Focos E 2 Frisos Megaforte Iluminação Mf150 Branco,42,79,por Forteled,4.8,(22)
https://http2.mlstatic.com/D_NQ_NP_646368-MLU76161061374_052024-W.webp,Arandela Tartaruga 24w Quadrado Ip65 6500k Bivolt,30,90,,,
https://http2.mlstatic.com/D_NQ_NP_829547-MLB73879163941_012024-W.webp,Arandela Externa 2 Focos E Frisos Ar1015 Com Lampada Led 5w,40,90,por Ideallume,4.6,(38)
https://http2.mlstatic.com/D_NQ_NP_713520-MLU72931106430_112023-W.webp,Arandela Externa 5 Vidros Alumínio Muro Parede E27 Cor Preto,47,99,por DAZ Iluminacao,4.7,(462)
https://http2.mlstatic.com/D_NQ_NP_652944-MLB49015308712_022022-W.webp,Arandela Externa Colonial Vintage Retro Quadrada Preto 336 127V/220V,60,87,,4.5,(594)
https://http2.mlstatic.com/D_NQ_NP_833301-MLB76647742829_052024-W.webp,Arandela Ext Led Facho Duplo Ajustável 5w Ip66 Luz 3000k Pto,65,90,,4.6,(45)
https://http2.mlstatic.com/D_NQ_NP_815782-MLB75299918244_032024-W.webp,Barber Pole Giratório 50cm  110/220v Estilo Americano,282,84,,4.7,(199)
https://http2.mlstatic.com/D_NQ_NP_602939-MLB73914777044_012024-W.webp,Arandela 2 Focos E 3 Frisos Externa Parede Muro Ar1513 Full,28,90,por Ideallume,4.7,(171)
https://http2.mlstatic.com/D_NQ_NP_859433-MLB74967740658_032024-W.webp,6 Arandelas Tartaruga Led 15w Ip54 Bivolt Interna/externa,129,99,,,
https://http2.mlstatic.com/D_NQ_NP_617581-MLB41069867710_032020-W.webp,Kit 10 Luminária Arandela Tartaruga Externa Com Grade OPL Cor Preto 110v/220v,71,90,,4.5,(747)
https://http2.mlstatic.com/D_NQ_NP_866402-MLB73926013647_012024-W.webp,Kit 10 Arandela 2 Fachos 2 Frisos Uso Externo Garagem,233,25,por WS Distribuidora,4.7,(528)
https://http2.mlstatic.com/D_NQ_NP_864458-MLU70045368086_062023-W.webp,Arandela Colonial Sextavado Vidro Blumenau Preto 110V/220V,64,69,,4.8,(49)
https://http2.mlstatic.com/D_NQ_NP_736400-MLU71708432175_092023-W.webp,Arandela Luminaria 2 Fachos Led Mini Externa Led 4w Quente Cor Preto - Bco Frio 110v/220v,53,99,,3.9,(10)
https://http2.mlstatic.com/D_NQ_NP_785958-MLU73563773695_122023-W.webp,Arandela Externa Sobrepor Teto Parede Moderna P/ Lâmpada Led Cor Branco 110V/220V,37,40,,4.8,(180)
https://http2.mlstatic.com/D_NQ_NP_930236-MLB72387655311_102023-W.webp,Arandela Luz Geral Ice Long 6w 40cm Stella 3000k Stl23774/30,229,70,por DH Led,,
https://http2.mlstatic.com/D_NQ_NP_785803-MLU73647683759_122023-W.webp,Kit 20 Luminária Arandela Tartaruga Externa Sem Grade E27 Cor Preto 110V/220V,177,90,,4.5,(135)
https://http2.mlstatic.com/D_NQ_NP_847054-MLU69863658455_062023-W.webp,Arandela Parede Vintage Uno Joy Retro Preto Soquete E27 Cor Branco,49,90,,4.5,(167)
https://http2.mlstatic.com/D_NQ_NP_749014-MLB41232422747_032020-W.webp,Arandela Externa Alumínio 3 Frisos,24,90,,4.6,(83)
https://http2.mlstatic.com/D_NQ_NP_751424-MLU69957554607_062023-W.webp,Arandela Externa Direcionável 12cm Gu10 P/ Dicroica M4490 Cor Branco,38,90,por Espaco da Luz,3.9,(92)
https://http2.mlstatic.com/D_NQ_NP_707666-MLU76131637251_052024-W.webp,Kit 10 Luminária Arandela Tartaruga Externa Com Grade   110v/220v,71,90,,4.5,(747)
https://http2.mlstatic.com/D_NQ_NP_630694-MLB73139978850_122023-W.webp,Arandela Alumínio 5 Vidros Foco Externa Muro Parede E27 ,52,75,,4.7,(487)
https://http2.mlstatic.com/D_NQ_NP_848532-MLU72714856875_112023-W.webp,Arandela Parede Muro Externa Interna Slim Alumínio Moderna Para Lâmpada G9 Branco Mf123,31,77,por Forteled,4.6,(13)
https://http2.mlstatic.com/D_NQ_NP_961526-MLB74190616822_012024-W.webp,Arandela 5 Vidros Branca Garagem Muro Externa E27,42,90,,4.5,(105)
https://http2.mlstatic.com/D_NQ_NP_698486-MLU73573310733_122023-W.webp,Kit 2 Arandela Parede Interna Externa 2 Friso C/ Led Branco Cor Branco frio 110V/220V (Bivolt),59,99,por Soox,4.6,(54)
https://http2.mlstatic.com/D_NQ_NP_623973-MLU73528381957_122023-W.webp,Arandela Classica Colonial Vintage Retangular Retro E27 Cor Marrom,72,50,,4.2,(10)
https://http2.mlstatic.com/D_NQ_NP_860910-MLB73498490573_122023-W.webp,1x Arandela De Parede Externa Slim 3 Friso E Led 5w G9 Mf123,37,63,por Forteled,4.3,(13)
https://http2.mlstatic.com/D_NQ_NP_748821-MLU74974311194_032024-W.webp,Luminária arandela de parede Starlumen ST294 110V/220V,35,52,por Starlumen,4.8,(44)
https://http2.mlstatic.com/D_NQ_NP_701437-MLU73636640517_122023-W.webp,Goldensky GS-D12 4x Arandela Solar 4 Focos Parede Slim 12 Fachos Led Externa Cor Amarelo 3000K,135,99,por GoldenSky,4.0,(609)
https://http2.mlstatic.com/D_NQ_NP_704505-MLB73873990523_012024-W.webp,Arandela Slim 1 Foco Externa Parede Alumínio Ar1111 Full,27,90,,,
https://http2.mlstatic.com/D_NQ_NP_872706-MLU73553550595_122023-W.webp,Arandela Box Com Abas Efeito Luminária Externa + Led Cor Branco frio,69,90,por DAZ Iluminacao,4.4,(67)
https://http2.mlstatic.com/D_NQ_NP_624536-MLU73472698178_122023-W.webp,Arandela Box Cubo Pequena 6 Fachos Parede Muro St1317 Cor Branco 110V/220V (Bivolt),43,68,por Starlumen,4.5,(205)
https://http2.mlstatic.com/D_NQ_NP_720578-MLU73471554486_122023-W.webp,Luminária De Parede Interlight Ajustável Arandela Led Quasar Cor Marrom 110V/220V,299,90,,4.9,(28)
https://http2.mlstatic.com/D_NQ_NP_822649-MLB51169914489_082022-W.webp,10 Balizador Parede Escada Led 2w Branco Quente 3000k 4x2,299,90,,4.6,(34)
https://http2.mlstatic.com/D_NQ_NP_888592-MLU70517964990_072023-W.webp,Arandela Led Efeito 2 Fachos Duplo 3w 3000k Opus ( 24h) Cor Marrom,66,99,,4.6,(17)
https://http2.mlstatic.com/D_NQ_NP_956003-MLU74996849449_032024-W.webp,Arandela Alumínio 5 Vidros Com 45 Cm Para 2x Lâmpadas E27 Cor Preto,128,85,,4.9,(20)
https://http2.mlstatic.com/D_NQ_NP_633005-MLB74546141802_022024-W.webp,Luminaria Tartaruga Arandela Led 20w Externa Parede Muro,29,90,,4.7,(6)
https://http2.mlstatic.com/D_NQ_NP_827801-MLB51169382583_082022-W.webp,6 Balizador 4x2 Sobrepor Led Fit Slim 2w Parede Escada Muro,179,90,,4.7,(43)
https://http2.mlstatic.com/D_NQ_NP_849930-MLU73473316222_122023-W.webp,Luminária Arandela Hamsa Preta Ip65 8w Branco Quente Gaya,119,90,,5.0,(7)
https://http2.mlstatic.com/D_NQ_NP_693279-MLU73671730569_122023-W.webp,Arandela Alumínio 1 Foco Externa Muro Parede Dicróica Cor Branco,38,50,,4.8,(44)
https://http2.mlstatic.com/D_NQ_NP_811155-MLB73879143181_012024-W.webp,Arandela Externa 2 Focos Frisos Ar1015 Com Lampada Led 5w,44,90,,5.0,(8)
https://http2.mlstatic.com/D_NQ_NP_983377-MLU74333949099_012024-W.webp,Arandela Industrial Vintage Nordic Loft Retro Preto Bronze 110V/220V,56,7,,4.7,(21)
https://http2.mlstatic.com/D_NQ_NP_826068-MLB71472703336_092023-W.webp,Kit 10 Arandelas Frisos E Facho Parede + 10 Leds G9 5w Mf115,389,69,por Forteled,4.8,(83)
https://http2.mlstatic.com/D_NQ_NP_813429-MLB52348102496_112022-W.webp,9 Arandela Preta Massuia Externa E Interna Bivolt Cor Preto 110V/220V,230,12,,4.6,(241)
https://http2.mlstatic.com/D_NQ_NP_938881-MLU73460195470_122023-W.webp,Kit 10 Luminária OPL Arandela Tartaruga Externa Com Grade Cor Marrom Madeira 110v/220v,71,90,,4.5,(747)
https://http2.mlstatic.com/D_NQ_NP_793406-MLB54738764530_032023-W.webp,Arandela Maresia Interna / Externa + Led 12w St789l,47,79,por Starlumen,4.6,(208)
https://http2.mlstatic.com/D_NQ_NP_850167-MLU73553291289_122023-W.webp,Arandela Externa Duplo Foco Longo P/ 2 Dicroica Gu10 Cor Preto,57,99,por DAZ Iluminacao,4.8,(64)
https://http2.mlstatic.com/D_NQ_NP_983813-MLU74192090467_012024-W.webp,Luminária Arandela Tartaruga OPL externa com grade E27 branca ,19,39,,4.5,(747)
https://http2.mlstatic.com/D_NQ_NP_977782-MLB52562308580_112022-W.webp,8 Arandela Preta Massuia Bivolt 8 Lâmpada Led 5w 110V/220V,288,20,,4.6,(241)
https://http2.mlstatic.com/D_NQ_NP_775131-MLB29906985602_042019-W.webp,Arandela Led 5w Externa Alumínio 2 Friso Lampada Inclusa,29,90,,4.6,(1278)
https://http2.mlstatic.com/D_NQ_NP_610096-MLU76085145357_042024-W.webp,Arandela 2 Focos Externa Parede Muro Alumínio Ar1110 Full,23,90,por Ideallume,,
https://http2.mlstatic.com/D_NQ_NP_605528-MLB47586464945_092021-W.webp,Kit 2 Arandelas Interno Retro Dubai Alumínio Decorações Full,99,90,por Ideallume,4.7,(277)
https://http2.mlstatic.com/D_NQ_NP_790179-MLB70890141911_082023-W.webp,Arandela De Parede Externa Solar Led Moderna Decoraçao,39,48,,4.7,(63)
https://http2.mlstatic.com/D_NQ_NP_977058-MLB48881445518_012022-W.webp,6 Balizador 4x2 Sobrepor Led Fit Slim 2w Parede Escada Muro,198,70,,4.8,(29)
https://http2.mlstatic.com/D_NQ_NP_951991-MLU69349476816_052023-W.webp,Arandela Parede Vintage Uno Joy Retro Preto Soquete E27 ,49,90,,4.5,(167)
https://http2.mlstatic.com/D_NQ_NP_678978-MLB75520814725_042024-W.webp,Kit 10 Arandelas Led Retangular 4w 2 Focos 4 Lentes 3000k,269,62,,5.0,(1)
https://http2.mlstatic.com/D_NQ_NP_645263-MLU73472725694_122023-W.webp,Arandela Alumínio 2 Focos Externa + Lâmpada 5w Inclusa 6205 Cor Branco,39,50,,4.6,(177)
https://http2.mlstatic.com/D_NQ_NP_829089-MLB73868547892_012024-W.webp,Arandela Efeito 2 Fachos Parede Muro Externa Ar1210 Full,24,90,por Ideallume,4.7,(103)
https://http2.mlstatic.com/D_NQ_NP_713116-MLU73470867984_122023-W.webp,Arandela Box Com Abas Efeito Luminária Externa + Led Cor Branco Quente,69,90,por DAZ Iluminacao,4.4,(67)
https://http2.mlstatic.com/D_NQ_NP_829918-MLU73566751305_122023-W.webp,Arandela 4 Vidros Triângulo Alumínio Externa E27 Parede Muro Cor Branco,49,90,,4.7,(132)
https://http2.mlstatic.com/D_NQ_NP_989489-MLU75734775974_042024-W.webp,Arandela Colonial Vintage Retrô Alumínio Toulouse Ouro Velho Cor Ouro-velho 110V/220V,210,99,,4.9,(19)
https://http2.mlstatic.com/D_NQ_NP_873802-MLB76671233806_062024-W.webp,Arandela Triângular Alumínio Muro Parede Externa Interna,43,84,,4.7,(231)
https://http2.mlstatic.com/D_NQ_NP_622145-MLB70892877111_082023-W.webp,Kit 3 Arandelas Led Meia Lua 6w Bivolt Aprova D'agua 3000k,148,69,por CasaLed Mais,4.3,(54)
https://http2.mlstatic.com/D_NQ_NP_605528-MLB47586464945_092021-W.webp,Kit 2 Arandelas Interno Retro Dubai Alumínio Decorações Full,99,90,por Ideallume,4.7,(277)
https://http2.mlstatic.com/D_NQ_NP_756018-MLU75335886871_032024-W.webp,Arandela Externa 2 Focos E Frisos Parede Muro + Led Incluso Cor Branco Led Quente,44,99,por DAZ Iluminacao,4.8,(203)
https://http2.mlstatic.com/D_NQ_NP_886230-MLU75166875851_032024-W.webp,Luminária painel led led de teto 24W  Avant Painel pop plástico sobrepor quadrado cor branco 110V/220V,30,45,,4.6,(568)
https://http2.mlstatic.com/D_NQ_NP_694205-MLB76735021138_062024-W.webp,Arandela 2 Focos E 2 Frisos Externa Parede Muro Ar1510 Full,27,99,por Ideallume,4.7,(395)
https://http2.mlstatic.com/D_NQ_NP_788429-MLU74178559579_012024-W.webp,Arandela Externa De Parede Muro Em Alumínio 30cm 2 Frisos E Fachos E27 Comum Mf116 Cor Marrom,38,97,,4.9,(34)
https://http2.mlstatic.com/D_NQ_NP_648871-MLB72029615482_102023-W.webp,Arandela 2 Foco 3 Frisos Externa Parede Alumínio Ar1113 Full,28,90,por Ideallume,4.5,(39)
https://http2.mlstatic.com/D_NQ_NP_998827-MLB51241680845_082022-W.webp,Arandela Tartaruga Led Ip65 Sensor De Presença Bivolt 15w,66,95,,4.4,(26)
https://http2.mlstatic.com/D_NQ_NP_770487-MLU73568262663_122023-W.webp,Luminária Tubular Sobrepor Led Linear 120cm 80w Branco Frio,79,68,,4.7,(245)
https://http2.mlstatic.com/D_NQ_NP_775488-MLB54555476524_032023-W.webp,Kit/ C 10 Arandelas Tartaruga 24w Quadrado Ip65 6500k Bivolt,467,94,,4.8,(4)
https://http2.mlstatic.com/D_NQ_NP_677815-MLB52496095229_112022-W.webp,Luminária Arandela Tartaruga Suprema Alumínio E27 Taschibra,31,50,,4.4,(17)
https://http2.mlstatic.com/D_NQ_NP_894601-MLB54296710933_032023-W.webp,Balizador Led Externo 2w Branco Embutir Caixa 4x2 3000k,42,99,,4.8,(21)
https://http2.mlstatic.com/D_NQ_NP_606936-MLU74412832797_022024-W.webp,Luminária Arandela Tartaruga Preto 10w Externa Parede Teto Cor Branco quente 110V/220V,28,49,por Soox,4.6,(309)
https://http2.mlstatic.com/D_NQ_NP_965122-MLB76675865779_052024-W.webp,Arandela Meia Lua Led Pto 4 Focos 8w Luz 3000k Ip66 Bivolt,55,90,,4.6,(9)
https://http2.mlstatic.com/D_NQ_NP_966059-MLB76675561573_052024-W.webp,Arandela Meia Lua Led Pto 2 Focos 4w Luz 3000k Ip66 Bivolt,39,90,,4.9,(9)
https://http2.mlstatic.com/D_NQ_NP_868894-MLB69984234247_062023-W.webp,Arandela Luminária Parede Madeira Retrô Rústica Vintage E27 ,38,50,,4.4,(49)
https://http2.mlstatic.com/D_NQ_NP_736859-MLU74730184152_032024-W.webp,"Balizador Sobrepor Stella Mini Neu 2 Branco 1,5w Sth8746/30 Cor Preto - Branco Quente 110V/220V",99,70,,,
https://http2.mlstatic.com/D_NQ_NP_601618-MLB71589945794_092023-W.webp,Arandela De Parede Pendente Luminária Aramado Diamante Retro,39,99,,,
https://http2.mlstatic.com/D_NQ_NP_947521-MLU73581936234_122023-W.webp,Arandela 2 Focos Alumínio 22 Cm Interna Externa Dicroica 202 Cor Branco texturizado,43,61,,4.6,(41)
https://http2.mlstatic.com/D_NQ_NP_779027-MLU76212648759_052024-W.webp,1x Arandela Externa Box Cubo 10 Frisos Alumínio Cor Preto Luminária MF122,36,19,por Forteled,,
https://http2.mlstatic.com/D_NQ_NP_615062-MLB69985049705_062023-W.webp,Kit 4 Arandela Luminária Parede Madeira Retrô Rústica Sisal,127,50,,4.4,(137)
https://http2.mlstatic.com/D_NQ_NP_993932-MLB53484256673_012023-W.webp,Arandela Efeito 2 Fachos 2 Focos Parede Externa Full Ar1210,24,99,,4.9,(20)
https://http2.mlstatic.com/D_NQ_NP_831786-MLB71956795307_092023-W.webp,Arandela Slim 2 Frisos E 2 Fachos - Interna E Externa,19,39,,4.4,(27)
https://http2.mlstatic.com/D_NQ_NP_683026-MLB51389779855_092022-W.webp,Kit 6 Arandelas Tartaruga Luminária Externa E27,99,90,,4.6,(82)
https://http2.mlstatic.com/D_NQ_NP_625378-MLB72109726493_102023-W.webp,Arandela Efeito 6 Frisos Alumínio Externa + Led G9 St2754,49,66,por Starlumen,4.8,(166)
https://http2.mlstatic.com/D_NQ_NP_686506-MLB52005290532_102022-W.webp,Arandelas Colonial Luminária Parede Transparente Vintage 131,170,90,,3.5,(6)
https://http2.mlstatic.com/D_NQ_NP_684195-MLB69648478902_052023-W.webp,Arandela De Parede Tartaruga Externa Com Grade E27 Luminária,19,90,,,
https://http2.mlstatic.com/D_NQ_NP_662383-MLU71779339570_092023-W.webp,Arandela Slim 2 Fachos 2 Frisos Externo Muro Parede Mf103 Cor Marrom 110V/220V,25,19,por Forteled,4.6,(424)
https://http2.mlstatic.com/D_NQ_NP_742429-MLU74049185752_012024-W.webp,Embutido De Parede Sem Grade - Luminária Cor Preto 110V/120V (Bivolt),74,30,,5.0,(6)
https://http2.mlstatic.com/D_NQ_NP_742425-MLA43576913690_092020-W.webp,Luminária colonial led de parede Ideal Iluminação L-1-B cor preto 110V/220V,62,90,,4.8,(961)
https://http2.mlstatic.com/D_NQ_NP_925542-MLB73982832622_012024-W.webp,9683 - Arandela Cube Slim 4w 3000k Preto - Gaya 110V/220V,65,32,,,
https://http2.mlstatic.com/D_NQ_NP_660747-MLU75985268822_052024-W.webp,Kit 6x Luminária Balizador Embutir Friso 4x2 Branco Parede 110v/220v,137,90,por DH Led,,
https://http2.mlstatic.com/D_NQ_NP_919583-MLB49255397269_032022-W.webp,Kit 10 Luminária Arandela Tartaruga + 10 Lâmpada 9w Bulbo,179,90,,4.7,(63)
https://http2.mlstatic.com/D_NQ_NP_632973-MLB51934837299_102022-W.webp,Arandela Luminária Led De Parede Pastilha 12w 3000k,29,99,,4.3,(29)
https://http2.mlstatic.com/D_NQ_NP_889750-MLB40694250459_022020-W.webp,Arandela 2000 Externa 2 Fachos E27 Vidro Externa,31,45,,4.7,(68)
https://http2.mlstatic.com/D_NQ_NP_853376-MLB76032749583_042024-W.webp,Arandela 2 Focos E Frisos Externa Parede Muro St327,37,8,por Starlumen,4.7,(1454)
https://http2.mlstatic.com/D_NQ_NP_857498-MLB51072950239_082022-W.webp,Arandela Slim 2 Fachos Uso Externo Interno Led Integrado 4w 110V/220V,29,54,,4.7,(20)
https://http2.mlstatic.com/D_NQ_NP_801282-MLU74727299732_032024-W.webp,Arandela Luminalux Fit Alx0002 Luz Indireta Led Champanhe Led 3000K com 65 cm,239,68,por LuminaLux,4.5,(13)
https://http2.mlstatic.com/D_NQ_NP_787793-MLB74647552216_022024-W.webp,Arandela Frisada Parede Muro Externa/ Interna St641,33,59,por Starlumen,4.3,(556)
https://http2.mlstatic.com/D_NQ_NP_773648-MLU75151878709_032024-W.webp,Arandela Box 2 Focos Pequena Cubo Externa Parede + Led 5w Cor Marrom Led Quente,59,99,por DAZ Iluminacao,5.0,(2)
https://http2.mlstatic.com/D_NQ_NP_602076-MLU76018537367_042024-W.webp,1x Arandela Externa Box Cubo 10 Frisos C Base Cor Marrom Luminária MF122,36,19,por Forteled,,
https://http2.mlstatic.com/D_NQ_NP_878567-MLU76226495553_052024-W.webp,Arandela Efeito 1 Facho 1 Foco Parede Muro Externa 1211 Full,27,90,por Ideallume,,
https://http2.mlstatic.com/D_NQ_NP_829918-MLU73566751305_122023-W.webp,Arandela 4 Vidros Triângulo Alumínio Externa E27 Parede Muro Cor Branco,49,90,,4.7,(132)
https://http2.mlstatic.com/D_NQ_NP_989489-MLU75734775974_042024-W.webp,Arandela Colonial Vintage Retrô Alumínio Toulouse Ouro Velho Cor Ouro-velho 110V/220V,210,99,,4.9,(19)
https://http2.mlstatic.com/D_NQ_NP_857829-MLB71329583006_082023-W.webp,Arandela Focos Fachos Grande 30cm Alumínio +2 Led A60 St2771,57,93,por Starlumen,4.8,(20)
https://http2.mlstatic.com/D_NQ_NP_602076-MLU76018537367_042024-W.webp,1x Arandela Externa Box Cubo 10 Frisos C Base Cor Marrom Luminária MF122,36,19,por Forteled,,
https://http2.mlstatic.com/D_NQ_NP_969730-MLU73473426086_122023-W.webp,5x Arandela Externa 2 Focos Friso Parede Muro + Led Incluso Cor Preto Led Quente,194,99,por DAZ Iluminacao,4.8,(203)
https://http2.mlstatic.com/D_NQ_NP_905754-MLB69905410324_062023-W.webp,Arandela Interna Externa 2 Focos E 2 Frisos Parede Muro 1510,27,90,,4.9,(10)
https://http2.mlstatic.com/D_NQ_NP_962148-MLU70303389970_072023-W.webp,Arandela De Aluminio G9 Bivolt Branco Rioprelustres 6219 Cor Marrom,44,90,,4.6,(8)
https://http2.mlstatic.com/D_NQ_NP_696265-MLU70275619526_072023-W.webp,Kit 7 Arandela Elegance 4w Branco Quente 3000k -branca Avant 110V/220V,199,17,por Grand Commerce,4.0,(1)
https://http2.mlstatic.com/D_NQ_NP_933843-MLU73468953592_122023-W.webp,Arandela 4 Vidros Triângulo Alumínio Externa E27 Parede Muro Cor Preto,49,90,,4.7,(132)
https://http2.mlstatic.com/D_NQ_NP_732339-MLB40606196844_012020-W.webp,Arandela 2 Focos E Frisos Externa Parede Muro ,29,90,,4.7,(1306)
https://http2.mlstatic.com/D_NQ_NP_755029-MLU73459532082_122023-W.webp,Arandela De Aluminio E27 Bivolt Preto Rioprelustres 6213,42,81,,4.6,(141)
https://http2.mlstatic.com/D_NQ_NP_875763-MLB72226305230_102023-W.webp,Arandela De Parede Pendente Luminária Aramado Diamante,35,89,,4.3,(43)
https://http2.mlstatic.com/D_NQ_NP_956694-MLU74440195470_022024-W.webp,Um Metro Trilho Eletrificado Para Spot Capa Preto 110v/220v,24,90,,,
https://http2.mlstatic.com/D_NQ_NP_775097-MLB71736297294_092023-W.webp,Arandela Slim 2 Focos 6 Frisos Parede Muro + Led G9 5w Mf101,39,71,por Forteled,4.7,(279)
https://http2.mlstatic.com/D_NQ_NP_954245-MLU71900818222_092023-W.webp,Arandela Externa Eco 3 Frisos E 2 Focos Alumínio Parede Muro Preto Para Lâmpada Comum Soquete E27 Mf130,38,74,por WS Distribuidora,4.8,(221)
https://http2.mlstatic.com/D_NQ_NP_745773-MLB50219321211_062022-W.webp,Arandela Led Preta 12w Tartaruga Luz Amarela 3000k Ip65 Gaya Cor Preto 110V,24,30,,4.6,(114)
https://http2.mlstatic.com/D_NQ_NP_920740-MLU73436726954_122023-W.webp,Arandela Externa 9 Fachos Efeitos Raios Led Preta Cor Preto 110V/220V,69,99,,5.0,(4)
https://http2.mlstatic.com/D_NQ_NP_705377-MLU73590471368_122023-W.webp,Arandela Blindada 2 Fachos Ajustavel Led 150lm 3000k Cubo Cor Marrom 110V/220V,39,99,,4.6,(8)
https://http2.mlstatic.com/D_NQ_NP_922477-MLU71900768456_092023-W.webp,Arandela Slim 2 Fachos 6 Frisos Externo Muro Parede Mf101 Cor Branco 110V/220V,25,61,,4.8,(13)
https://http2.mlstatic.com/D_NQ_NP_670623-MLU72642233956_112023-W.webp,Arandela Slim Externa 2 Frisos 2 Focos Alumínio Parede Mf123 Cor Marrom 110V/220V,31,77,por Forteled,4.6,(13)
https://http2.mlstatic.com/D_NQ_NP_714642-MLB73915574176_012024-W.webp,Arandela Externa Slim 2 Focos 6 Frisos Parede Ar1116 Full,24,90,por Ideallume,4.6,(53)
https://http2.mlstatic.com/D_NQ_NP_602240-MLB74247905903_012024-W.webp,"Arandela Frizzy De Muro Parede 15x9x6,5cm 1xg9 Preta Cor Preto",21,70,,4.6,(36)
https://http2.mlstatic.com/D_NQ_NP_760646-MLU74006735214_012024-W.webp,Luminária Tartaruga Led Com Sensor Br15w 6000k Biv. Embuled,68,90,,4.2,(5)
https://http2.mlstatic.com/D_NQ_NP_791765-MLB49474013710_032022-W.webp,Arandela De Led Externa Interna Quadrada 2 Fachos Ip65 4w,47,99,,5.0,(1)
https://http2.mlstatic.com/D_NQ_NP_938804-MLB52027028798_102022-W.webp,Arandela Externa Led Facho Duplo Ajustável 5w Ip66 Luz 3000k,62,90,,4.7,(18)
https://http2.mlstatic.com/D_NQ_NP_995403-MLB75265170733_032024-W.webp,Arandela Triângulo Alumínio 2 Vidros Externa E27 Parede Muro,48,20,,4.7,(9)
https://http2.mlstatic.com/D_NQ_NP_624059-MLB54242211458_032023-W.webp,Arandela 2 Focos Alumínio 22 Cm Interna Externa Dicroica 202,49,24,,,
https://http2.mlstatic.com/D_NQ_NP_606862-MLB69339705528_052023-W.webp,6 Luminárias Tartaruga Arandela Led 8w Bivolt Externa Ip65,156,90,por Gadu Multifer,4.8,(45)
https://http2.mlstatic.com/D_NQ_NP_911333-MLU73473393948_122023-W.webp,Arandela Slim 2 Focos Alumínio Externa + Led Incluso Cor Marrom Led Quente,38,99,por DAZ Iluminacao,4.5,(59)
https://http2.mlstatic.com/D_NQ_NP_850918-MLU73983837350_012024-W.webp,Arandela Box 2 Focos Pequena Cubo Externa Parede + Led 5w Cor Preto Led Quente,59,99,por DAZ Iluminacao,5.0,(2)
https://http2.mlstatic.com/D_NQ_NP_826984-MLB51178800793_082022-W.webp,Arandela Tartaruga Led Ip65 Sensor De Presença Bivolt 15w,59,90,,4.6,(68)
https://http2.mlstatic.com/D_NQ_NP_993990-MLU73467837860_122023-W.webp,"Arandela Externa Duplo Foco Longo + 2 Led Dicroica Gu10 6,5w Cor Branco Led Quente",78,99,por DAZ Iluminacao,4.8,(64)
https://http2.mlstatic.com/D_NQ_NP_651408-MLB69621155360_052023-W.webp,Kit 10 Arandelas Tartaruga Luminária Parede C/grade Soq E27,179,90,,4.6,(47)
https://http2.mlstatic.com/D_NQ_NP_933275-MLU73566288407_122023-W.webp,Arandela 2 Focos 6 Frisos Efeito Externa 20cm + Led Incluso Cor Branco frio,63,90,por DAZ Iluminacao,4.7,(44)
https://http2.mlstatic.com/D_NQ_NP_965587-MLB72088224371_102023-W.webp,Arandela 2 Focos 8 Facho Efeito Garagem Externa Interna 8w,48,60,por CasaLed Mais,4.6,(140)
https://http2.mlstatic.com/D_NQ_NP_716228-MLB73874125097_012024-W.webp,Arandela Externa 2 Focos 6 Frisos Moderna Parede Ar2010 Full,39,90,,,
https://http2.mlstatic.com/D_NQ_NP_893993-MLB48764326154_012022-W.webp,Arandela Led Elegance 3w Avant 2 Fachos Branco Quente Ip65,63,90,por DH Led,4.9,(14)
https://http2.mlstatic.com/D_NQ_NP_616022-MLB71130720800_082023-W.webp,5 Arandelas Tartaruga Uso Interno E Externo Led 15w Ip65 ,133,49,,4.7,(84)
https://http2.mlstatic.com/D_NQ_NP_663869-MLB54958109567_042023-W.webp,4x Arandela Solar Slim 2 Focos Luminaria Parede Externa,78,99,,3.5,(84)
https://http2.mlstatic.com/D_NQ_NP_665274-MLU73413056224_122023-W.webp,Arandela Colonial Preto Alumínio Muro Parede Externa Ar2007,99,19,,5.0,(27)
https://http2.mlstatic.com/D_NQ_NP_759669-MLU74996848243_032024-W.webp,Arandela Interna Externa 2 Friso Led Incluso 3000k Branco 110V/220V (Bivolt),34,99,,4.6,(54)
https://http2.mlstatic.com/D_NQ_NP_903547-MLB52004117265_102022-W.webp,"Arandela Bolt Trapézio 291 Ideal, Lustre Externo Branca Cor Preto 110V 220V (Bivolt)",59,90,,,
https://http2.mlstatic.com/D_NQ_NP_844851-MLB75157584733_032024-W.webp,Kit 5 Arandela Tartaruga Led 10w Externo Interno Bivolt,74,58,por Soox,,
https://http2.mlstatic.com/D_NQ_NP_886597-MLB74999327319_032024-W.webp,Arandela Elegance Externa 2 Fachos Led 4w 3000k Ip65,65,15,,4.6,(12)
https://http2.mlstatic.com/D_NQ_NP_673810-MLB76669943441_052024-W.webp,Kit 13 Arandela Parede Externa 12w Scalenus Branco Frio6500k,718,39,,,
https://http2.mlstatic.com/D_NQ_NP_915850-MLU74218935843_012024-W.webp,Luminária Parede Taschibra Tartaruga Phare 24w 6500k Bivolt 110V/220V,33,27,,4.7,(387)
https://http2.mlstatic.com/D_NQ_NP_702121-MLB76782252667_062024-W.webp,3 Luminárias Arandela Slim Led 6w Regulável Quadrada,204,50,,5.0,(5)
https://http2.mlstatic.com/D_NQ_NP_708751-MLB54974582768_042023-W.webp,8 Arandelas Tartaruga Externa Piramide Germany Branca 5100,794,67,,,
https://http2.mlstatic.com/D_NQ_NP_916658-MLU74760718071_022024-W.webp,Kit 8 Luminária Corda Pendente De Corda Rústico 1.50 Metros Cor Marrom 110v/220v,316,65,,,
https://http2.mlstatic.com/D_NQ_NP_675327-MLB71103534748_082023-W.webp,Kit 9 Luminárias Arandela De Vidro 60w Externa Resistente,255,72,,,
https://http2.mlstatic.com/D_NQ_NP_900217-MLB69839549176_062023-W.webp,Luminária Arandela Tartaruga Externa Com Grade e-27 Preto,19,90,,4.6,(75)
https://http2.mlstatic.com/D_NQ_NP_786762-MLU73467969366_122023-W.webp,Arandela Tartaruga Led Preta 12w Branco Frio 6000k Ip65 Gaya Cor Preto 110V/220V,27,24,,4.6,(114)
https://http2.mlstatic.com/D_NQ_NP_993953-MLB44904643976_022021-W.webp,Luminária Tartaruga Ilumi Branco Ou Preto 110V/220V,32,90,,5.0,(2)
https://http2.mlstatic.com/D_NQ_NP_955140-MLA72853953441_112023-W.webp,Luminária arandela de parede Starlumen ST294 cor preto 110V/220V,35,52,por Starlumen,4.8,(44)
https://http2.mlstatic.com/D_NQ_NP_677843-MLU75127663217_032024-W.webp,Arandela Colonial Clássica 4 Faces Em Alumínio - Preta Cor Preto 110V/220V,160,49,,4.8,(13)
https://http2.mlstatic.com/D_NQ_NP_626773-MLU74197909590_012024-W.webp,Arandela Externa 2 Focos E Frisos Parede Muro + Led Incluso Cor Marrom Led Frio,44,99,por DAZ Iluminacao,4.8,(203)
https://http2.mlstatic.com/D_NQ_NP_819538-MLB48592847739_122021-W.webp,Luminaria Externa Parede Colonial Sextavado Blumenau,78,90,,5.0,(3)
https://http2.mlstatic.com/D_NQ_NP_954495-MLB76672535695_052024-W.webp,Arandela Meia Lua Led Pto 3 Focos 6w Luz 3000k Ip66 Bivolt,45,90,,5.0,(1)
https://http2.mlstatic.com/D_NQ_NP_652696-MLU74996850233_032024-W.webp,Arandela Pescoço De Ganso Blumenau Colonial Globo Externa Cor Preto 110V/220V,179,35,,4.6,(7)
https://http2.mlstatic.com/D_NQ_NP_672190-MLB43170394667_082020-W.webp,Luminaria Arandela Colonial Quadrado Vidro Blumenau Preto 110V/220V,72,89,,4.8,(29)
https://http2.mlstatic.com/D_NQ_NP_975386-MLU71486441966_092023-W.webp,Arandela Tartaruga Led 18w Externo Interno Bivolt Luz Quente Cor Branco Quente 110V/220V,30,88,,4.6,(309)
https://http2.mlstatic.com/D_NQ_NP_878436-MLB49838647323_052022-W.webp,Luminária Tartaruga Light Led Para Muro Luz Branca 6500k 15w,59,90,,,
https://http2.mlstatic.com/D_NQ_NP_657694-MLU73461370270_122023-W.webp,Arandela Focos Fachos Frisos 30cm P/ 2 Lâmpadas E27 St1286 Cor Preto 110V 220V (Bivolt),49,63,por Starlumen,4.7,(225)
https://http2.mlstatic.com/D_NQ_NP_965122-MLB76675865779_052024-W.webp,Arandela Meia Lua Led Pto 4 Focos 8w Luz 3000k Ip66 Bivolt,55,90,,4.6,(9)
https://http2.mlstatic.com/D_NQ_NP_966059-MLB76675561573_052024-W.webp,Arandela Meia Lua Led Pto 2 Focos 4w Luz 3000k Ip66 Bivolt,39,90,,4.9,(9)
https://http2.mlstatic.com/D_NQ_NP_619799-MLB52580665066_112022-W.webp,"Arandela Bolt Trapézio 291 Ideal, Lustre Externo Branca",59,90,,4.9,(14)
https://http2.mlstatic.com/D_NQ_NP_774959-MLB75861964750_042024-W.webp,Arandela Parede Externa Flat 12w Branco Neutro 4000k Ip65,74,5,,,
https://http2.mlstatic.com/D_NQ_NP_906629-MLB70603537096_072023-W.webp,Arandela Wall Mini Led 5w 2 Fachos Abertos 3000k Stella Bc,208,77,,,
https://http2.mlstatic.com/D_NQ_NP_894722-MLU74229744492_022024-W.webp,Kit 2 Arandela Parede Interna Externa 2 Friso C/ Led Preto Cor Branco quente 110V 220V (Bivolt),59,99,por Soox,4.6,(54)
https://http2.mlstatic.com/D_NQ_NP_649486-MLB74156649939_012024-W.webp,Arandela Flash 112 Em Aluminio 2 Gu10 Garden Branco,129,90,,,
https://http2.mlstatic.com/D_NQ_NP_707572-MLU73475619552_122023-W.webp,Arandela Tartaruga Led 20w Externo Interno Bivolt Luz Frio Cor Branco frio 110V/220V,27,99,,4.6,(309)
https://http2.mlstatic.com/D_NQ_NP_739448-MLB74182505907_012024-W.webp,Kit 2 Arandelas Tartaruga Led Uso Int./ext. 15w Forte 3000k Cor Branco 110V/220V,90,20,,,
https://http2.mlstatic.com/D_NQ_NP_716473-MLB71748429725_092023-W.webp,Kit 2 Arandela Cube 4 Fachos Externa 12w Branco Quente 3000k,160,2,,,
https://http2.mlstatic.com/D_NQ_NP_708736-MLB74936651174_032024-W.webp,Kit 4 Arandela Tartaruga Led 18w Externo Interno Bivolt ,74,58,por Soox,,
https://http2.mlstatic.com/D_NQ_NP_825987-MLU70681285376_072023-W.webp,Arandela Slim Branca Ajustável Parede Led Integrado 3w Cor Branco bivolt,57,35,,4.8,(52)
https://http2.mlstatic.com/D_NQ_NP_683685-MLB74568002062_022024-W.webp,"Kit 8 Pendentes Corda 1,50m E 1,70 Grande Rústico Unico",375,90,,,
https://http2.mlstatic.com/D_NQ_NP_697089-MLB69905813476_062023-W.webp,Luminária Arandela Tartaruga Branca 10w Externa Parede Teto ,21,69,,4.6,(61)
https://http2.mlstatic.com/D_NQ_NP_983150-MLB71748202425_092023-W.webp,Arandela Cube 4 Fachos Externa 12w Branco Quente 3000k Ip65,74,5,,,
https://http2.mlstatic.com/D_NQ_NP_783234-MLU74906232547_032024-W.webp,Arandela Redonda Grade Vidro Externa Parede Sauna A Prova dágua,52,99,,,
https://http2.mlstatic.com/D_NQ_NP_640012-MLU73411032498_122023-W.webp,Arandela Interna Externa 2 Friso Led Incluso 6000k Preto Cor Branco frio 110V/220V (Bivolt),34,36,,4.6,(54)
https://http2.mlstatic.com/D_NQ_NP_948671-MLB76476809167_052024-W.webp,Arandela Parede Externa 12w Scalenus Branco Quente 2700k,61,84,,5.0,(1)
https://http2.mlstatic.com/D_NQ_NP_813697-MLB69323941831_052023-W.webp,Kit 5 Mini Arandela Preta 3w Interna Externa 2 Friso C/ Led,125,49,por Soox,,
https://http2.mlstatic.com/D_NQ_NP_915238-MLU73565685781_122023-W.webp,4 Luminárias Arandela Led Meia Lua (cor Preta) 8w E 8 Fachos Cor Branco Bivolt,140,61,,4.2,(18)
https://http2.mlstatic.com/D_NQ_NP_926926-MLB76349339743_052024-W.webp,8 Balizadores Led 2w Branco Quente Embutir Escadas E Paredes,299,90,,,
https://http2.mlstatic.com/D_NQ_NP_876219-MLB71781476335_092023-W.webp,Kit 7 Arandela Parede Externa 12w Scalenus Branco Frio 6500k,424,75,,,
https://http2.mlstatic.com/D_NQ_NP_985291-MLU74338417467_022024-W.webp,Arandela Led Efeito 2 Fachos Duplo 3w 3000k Opus ( 24h,66,99,,4.6,(17)
https://http2.mlstatic.com/D_NQ_NP_883562-MLU74126713025_012024-W.webp,Arandela Eclipse Luz Indireta 12w 3000k Ip65 Led Integrado Cor Preto 110V/220V,63,1,,4.7,(46)
https://http2.mlstatic.com/D_NQ_NP_650667-MLU73572213545_122023-W.webp,Luminária Arandela Tartaruga Preto 10w Externa Parede Teto Cor Branco frio 110V/220V,28,49,por Soox,4.6,(309)
https://http2.mlstatic.com/D_NQ_NP_684208-MLB32176875188_092019-W.webp,2 Balizador Parede Embutir Externo 6100 Germany Branco E27,211,42,,4.3,(4)
https://http2.mlstatic.com/D_NQ_NP_810162-MLB53162289081_012023-W.webp,Arandela Tartaruga Led 18w Externo Interno Bivolt ,35,49,,5.0,(4)
https://http2.mlstatic.com/D_NQ_NP_740740-MLB51136068964_082022-W.webp,Arandela Interna Externa 2 Friso Led Incluso 3000k Branco,34,99,,4.7,(3)
https://http2.mlstatic.com/D_NQ_NP_606942-MLU73566059547_122023-W.webp,Luminária Arandela Tartaruga Externa Com Grade E-27 Bulbo Cor Branco,17,17,,4.5,(30)
https://http2.mlstatic.com/D_NQ_NP_684836-MLB69321158303_052023-W.webp,Kit 5 Mini Arandela Branca 3w Interna Externa 2 Friso C/ Led,125,49,por Soox,,
https://http2.mlstatic.com/D_NQ_NP_820644-MLB51136106756_082022-W.webp,Arandela Interna Externa 2 Friso Led Incluso 3000k Preto,39,49,,5.0,(15)
https://http2.mlstatic.com/D_NQ_NP_931296-MLB76481053884_052024-W.webp,Arandela Meia Lua Led Pto 2 Focos 4w Luz 3000k Ip66 Bivolt,39,90,,5.0,(1)
https://http2.mlstatic.com/D_NQ_NP_853108-MLB40682359330_022020-W.webp,Luminária Arandela Tipo Tartaruga Ilumi 60w (br/pt),37,90,,4.8,(4)
https://http2.mlstatic.com/D_NQ_NP_816470-MLB76034750411_042024-W.webp,Kit 8 Arandela Parede Externa Flat 12w Branco Neutro 4000k,552,25,,,
https://http2.mlstatic.com/D_NQ_NP_667753-MLB71781071477_092023-W.webp,Kit 8 Arandela Parede Externa 12w Scalenus Branco Frio 6500k,477,25,,,
https://http2.mlstatic.com/D_NQ_NP_745187-MLU70113096303_062023-W.webp,Arandela Balizador Led Pix Ajustável Ip65 Facho Duplo 3000k Cor Branco Voltagem Bivolt ( Tanto Em 110v Como Em 220v,49,90,,4.6,(18)
https://http2.mlstatic.com/D_NQ_NP_797818-MLU71900818216_092023-W.webp,Arandela Externa Eco 3 Frisos E 2 Focos Alumínio Parede Muro Marrom P/ Lâmpada Comum Soquete E27 Mf130,35,99,,4.8,(221)
https://http2.mlstatic.com/D_NQ_NP_707500-MLU76247888999_052024-W.webp,Arandela Colonial Dourado Alumínio Muro Parede Externa,103,87,,5.0,(5)
https://http2.mlstatic.com/D_NQ_NP_981552-MLU69408833404_052023-W.webp,Arandela Externa Led Slim 9 Fachos De Luz Preta Ou Branca Cor Branco 110V/220V,69,99,,5.0,(4)
https://http2.mlstatic.com/D_NQ_NP_826179-MLB70872849522_082023-W.webp,Kit 2 Arandela Parede Interna Externa 2 Friso C/ Led Preto,59,99,,4.7,(9)
https://http2.mlstatic.com/D_NQ_NP_725831-MLU70265253622_072023-W.webp,Trilho Eletrificado 1 Metro Para Spots Cor Preto Voltagem 110v/220v,19,99,,5.0,(1)
https://http2.mlstatic.com/D_NQ_NP_775655-MLB75131582317_032024-W.webp,Arandela Interna Externa 2 Friso Led Incluso 3000k Preto,39,49,,4.7,(13)
https://http2.mlstatic.com/D_NQ_NP_786364-MLU71718385038_092023-W.webp,Arandela 2 Focos E Frisos Externa Interna Parede Muro Ar1015 Cor Preto 110V/220V,23,5,por Ideallume,4.6,(434)
https://http2.mlstatic.com/D_NQ_NP_602591-MLB71748430271_092023-W.webp,Kit 7 Arandela Cube 4 Fachos Externa 12w Branco Quente 3000k,485,54,,,
https://http2.mlstatic.com/D_NQ_NP_841775-MLB75454709271_032024-W.webp,Luminária Arandela Parede Interna E Externa Fácil Instalação,21,85,,4.3,(129)
https://http2.mlstatic.com/D_NQ_NP_756018-MLU75335886871_032024-W.webp,Arandela Externa 2 Focos E Frisos Parede Muro + Led Incluso Cor Branco Led Quente,44,99,por DAZ Iluminacao,4.8,(203)
https://http2.mlstatic.com/D_NQ_NP_658857-MLB70475462435_072023-W.webp,Arandela Katarina De 15cm Com 2 Frisos - Interno Ou Externo,23,50,,5.0,(3)
https://http2.mlstatic.com/D_NQ_NP_609263-MLB74936400170_032024-W.webp,Kit 4 Arandela Tartaruga Led 18w Externo Interno Bivolt ,74,58,,,
https://http2.mlstatic.com/D_NQ_NP_783219-MLB71981275155_092023-W.webp,Kit 2 Tartaruga Led 8w Arandela Blindada Externa 6k Bivolt,45,20,,5.0,(3)
https://http2.mlstatic.com/D_NQ_NP_818700-MLU74309948347_012024-W.webp,Arandela 2 Focos Efeito 6 Frisos Alumínio Externa St2754 Cor Preto 110v/220v,46,53,por Starlumen,4.7,(28)
https://http2.mlstatic.com/D_NQ_NP_759215-MLB73368740285_122023-W.webp,Luminária Arandela Tartaruga Preto 10w Externa Parede Teto,28,49,,,
https://http2.mlstatic.com/D_NQ_NP_998048-MLB73372516105_122023-W.webp,Luminária Arandela Tartaruga Preto 20w Externa Parede Teto,30,49,,4.0,(5)
https://http2.mlstatic.com/D_NQ_NP_609576-MLB73582780613_122023-W.webp,Balizador De Parede Branca Arandela 2 Fachos 3000k,57,19,,,
https://http2.mlstatic.com/D_NQ_NP_755029-MLU73459532082_122023-W.webp,Arandela De Aluminio E27 Bivolt Preto Rioprelustres 6213,42,81,,4.6,(141)
https://http2.mlstatic.com/D_NQ_NP_727520-MLB52510305344_112022-W.webp,6 Arandela Preta Massuia Externa E Interna 6 Lâmpada Led 5w,220,25,,4.5,(155)
https://http2.mlstatic.com/D_NQ_NP_785803-MLU73647683759_122023-W.webp,Kit 20 Luminária Arandela Tartaruga Externa Sem Grade E27 Cor Preto 110V/220V,177,90,,4.5,(135)
https://http2.mlstatic.com/D_NQ_NP_695145-MLB75861964742_042024-W.webp,Arandela Parede Externa Flat 12w Branco Neutro 4000k Ip65,74,5,,,
https://http2.mlstatic.com/D_NQ_NP_953930-MLB74990461484_032024-W.webp,Luminária Frankfurt 2 Fachos Luz Foco Ajustável Preta Fosco,69,95,,,
https://http2.mlstatic.com/D_NQ_NP_686474-MLB70907585445_082023-W.webp,Kit 2 Arandela Parede Interna Externa 2 Friso C/ Led Branco,59,99,,4.3,(3)
https://http2.mlstatic.com/D_NQ_NP_724763-MLU75260265211_032024-W.webp,Arandela Externa 5 Vidros Soquetes E27 Barata Comum Mf109 Cor Preto 110V/220V,46,51,por WS Distribuidora,4.6,(77)
https://http2.mlstatic.com/D_NQ_NP_692883-MLB74936464664_032024-W.webp,Kit 10 Arandela Tartaruga Led 18w Externo Interno Bivolt ,192,60,por Soox,,
https://http2.mlstatic.com/D_NQ_NP_991088-MLU76596845804_062024-W.webp,Arandela Led Flat 12w Branco Quente 2700k Bivolt Avant 110V/220V,78,90,,4.8,(20)
https://http2.mlstatic.com/D_NQ_NP_935826-MLU73606407306_122023-W.webp,Arandela Led Tartaruga Bivolt 15w 6000k-6500k Branco Frio,23,45,,,
https://http2.mlstatic.com/D_NQ_NP_633857-MLB54191912023_032023-W.webp,8 Luminárias Arandelas Vidro Externa Direcionada Meia Tela,78,90,,,
https://http2.mlstatic.com/D_NQ_NP_656649-MLB75208853415_032024-W.webp,Kit 4 Luminária Parede Arandela Externa Led Solar Luz 6 Cor,57,58,,,
https://http2.mlstatic.com/D_NQ_NP_991568-MLA32724285493_102019-W.webp,Luminária arandela led bidirecional de parede Starlumen ST548 110V/220V,34,43,por Starlumen,4.8,(16)
https://http2.mlstatic.com/D_NQ_NP_711365-MLB71855261091_092023-W.webp,Arandela Luminária Luz Solar Led Parede Escada Jardim 4 Unid,59,5,,3.2,(30)
https://http2.mlstatic.com/D_NQ_NP_679511-MLB51812780770_102022-W.webp,Arandela Alumínio 1 Foco Externa Muro Parede Dicróica Cor Preto,38,50,,4.8,(44)
https://http2.mlstatic.com/D_NQ_NP_697199-MLB51136135450_082022-W.webp,Arandela Parede Interna Externa 2 Friso Led Incluso 3000k,39,49,por Soox,,
https://http2.mlstatic.com/D_NQ_NP_908071-MLB73950837207_012024-W.webp,Arandela Externa Interna Luminária Industrial Curva E27 Full,75,90,,,
https://http2.mlstatic.com/D_NQ_NP_764921-MLU75322283441_032024-W.webp,Arandela Slim Interna Externa Alumínio 2 Friso Preto,22,90,,3.9,(27)
https://http2.mlstatic.com/D_NQ_NP_901788-MLU74198290950_012024-W.webp,Arandela 2 Focos Efeito 6 Frisos Alumínio Externa St2754 Cor Branco 110v/220v,46,53,por Starlumen,4.7,(28)
https://http2.mlstatic.com/D_NQ_NP_751466-MLB53970954806_022023-W.webp,Arandela Frisada Parede Muro Externo/interno Quintal Marrom,21,0,,,
https://http2.mlstatic.com/D_NQ_NP_724129-MLB69657231165_052023-W.webp,Luminária Arandela Tartaruga De Parede Externa C/ Grade E27 ,19,90,,4.0,(7)
https://http2.mlstatic.com/D_NQ_NP_733933-MLU73589073332_122023-W.webp,Luminária Arandela Tartaruga Externa Com Grade E-27 Bulbo Cor Preto,17,17,,4.5,(30)
https://http2.mlstatic.com/D_NQ_NP_637822-MLU73296024980_122023-W.webp,Luminária Arandela De Parede Rioprelustres 213 Retrô Preto,60,50,,4.7,(66)
https://http2.mlstatic.com/D_NQ_NP_695024-MLU75913989805_042024-W.webp,7x Arandela Externa 2 Focos Friso Parede Muro + Led Incluso Cor Preto Led Quente,261,99,por DAZ Iluminacao,4.8,(203)
https://http2.mlstatic.com/D_NQ_NP_810847-MLU75993948205_042024-W.webp,5x Arandela Externa 2 Focos Friso Parede Muro + Led Incluso Cor Branco Led Quente,194,99,por DAZ Iluminacao,4.8,(203)
https://http2.mlstatic.com/D_NQ_NP_690513-MLU73567063905_122023-W.webp,"2x Arandela Externa Duplo Foco Longo + 2 Led Dicroica 6,5w Cor Preto Led Quente",139,99,por DAZ Iluminacao,4.8,(64)
https://http2.mlstatic.com/D_NQ_NP_617749-MLU74087660777_012024-W.webp,Arandela Externa 2 Frisos E Focos Alumínio Parede Muro Preto Para Led E27 MF116,43,67,por Forteled,4.9,(9)
https://http2.mlstatic.com/D_NQ_NP_970990-MLU75995774529_042024-W.webp,5x Arandela Externa 2 Focos Friso Parede Muro + Led Incluso Cor Preto Led Frio,194,99,por DAZ Iluminacao,4.8,(203)
https://http2.mlstatic.com/D_NQ_NP_666066-MLU73473418978_122023-W.webp,"2x Arandela Externa Duplo Foco Longo + 2 Led Dicroica 6,5w Cor Marrom Led Quente",139,99,por DAZ Iluminacao,4.8,(64)
https://http2.mlstatic.com/D_NQ_NP_955838-MLU74309917919_012024-W.webp,Arandela 213 Alumínio 5 Vidros Foco Externa Muro Parede E27 Cor Branco,53,70,,4.6,(141)
https://http2.mlstatic.com/D_NQ_NP_703296-MLU73982594610_012024-W.webp,Arandela Externa Mini Slim Alumínio Parede Muro Com Led 5w G9 Branco Quente,36,19,por Forteled,5.0,(18)
https://http2.mlstatic.com/D_NQ_NP_932832-MLB69931370537_062023-W.webp,Luminária Arandela Colonial Externa Sextavada Preta,62,90,,4.8,(356)
https://http2.mlstatic.com/D_NQ_NP_628015-MLU71814369343_092023-W.webp,5x Arandela Externa 2 Focos Friso Parede Muro + Led Incluso Cor Marrom Led Quente,194,99,por DAZ Iluminacao,4.8,(203)
https://http2.mlstatic.com/D_NQ_NP_638360-MLU71769269857_092023-W.webp,Arandela 2 Focos E Frisos Externa Interna Parede Muro Ar1015 Cor Marrom 110V/220V,25,90,,4.6,(434)
https://http2.mlstatic.com/D_NQ_NP_757958-MLU73467926294_122023-W.webp,7x Arandela Externa 2 Focos Friso Parede Muro + Led Incluso Cor Marrom Led Quente,261,99,por DAZ Iluminacao,4.8,(203)
https://http2.mlstatic.com/D_NQ_NP_649098-MLU73557902191_122023-W.webp,Globo De Vidro Leitoso Reposição 15x30 Cor Branco 110V/220V,119,90,,4.9,(14)
https://http2.mlstatic.com/D_NQ_NP_683291-MLB74074279438_012024-W.webp,"Luminária Blindada Hermética Sobrepor Ip65 1,2 Mt P/ T5 E T8 Cor Cinza 110V/220V",95,12,,5.0,(5)
https://http2.mlstatic.com/D_NQ_NP_763390-MLB70826357377_082023-W.webp,Arandela Slim 2 Focos Parede Externa/interna  + Led G9 12w ,39,78,,5.0,(1)
https://http2.mlstatic.com/D_NQ_NP_739517-MLU73461368840_122023-W.webp,6 Arandelas Externa Rústica Preta Tlf26 Colonial Taschibra Cor Preto 110V/220V,661,10,,4.9,(26)
https://http2.mlstatic.com/D_NQ_NP_883204-MLU73566286685_122023-W.webp,Arandela Externa/interna Slim Branco E Preto Parede Eclipse 110V/220V,63,1,,4.7,(46)
https://http2.mlstatic.com/D_NQ_NP_990873-MLB71515624959_092023-W.webp,Arandela Mini Slim 2 Focos Uso Externo Garagem,25,42,por WS Distribuidora,4.6,(12)
https://http2.mlstatic.com/D_NQ_NP_601683-MLU74822777952_032024-W.webp,Arandela Branca De Parede Externa Muro 2 Frisos E Focos Em Alumínio MEGA FORTE ILUMINAÇÃO + Lâmpada Led Branco Frio 5w G9 Bivolt Mf 115,39,90,por WS Distribuidora,4.6,(235)
https://http2.mlstatic.com/D_NQ_NP_804807-MLB72791559229_112023-W.webp,16x Arandela Externa Mine Slim 2 Friso +16 Led G9 Mf103,480,50,por WS Distribuidora,,
https://http2.mlstatic.com/D_NQ_NP_681692-MLU75140122780_032024-W.webp,Kit 24 Arandela 2 Fachos 2 Frisos Externo Interno Mf103 Cor Branco,467,68,por Forteled,,
https://http2.mlstatic.com/D_NQ_NP_704877-MLU73551907695_122023-W.webp,Arandela Clean Led Aletada Abs 6w 3.000k Branco Blumenau Ilu,53,90,,5.0,(26)
https://http2.mlstatic.com/D_NQ_NP_658857-MLB70475462435_072023-W.webp,Arandela Katarina De 15cm Com 2 Frisos - Interno Ou Externo,23,50,,5.0,(3)
https://http2.mlstatic.com/D_NQ_NP_859433-MLB74967740658_032024-W.webp,6 Arandelas Tartaruga Led 15w Ip54 Bivolt Interna/externa,129,99,,,
https://http2.mlstatic.com/D_NQ_NP_615428-MLU73467836952_122023-W.webp,Arandela Slim Inter Externa Alumínio 2 Friso Moderna St2527 Cor Branco 110V/220V,34,4,por Starlumen,4.6,(439)
https://http2.mlstatic.com/D_NQ_NP_704877-MLU73551907695_122023-W.webp,Arandela Clean Led Aletada Abs 6w 3.000k Branco Blumenau Ilu,53,90,,5.0,(26)
https://http2.mlstatic.com/D_NQ_NP_923076-MLB72981382764_112023-W.webp,14x Arandela Externa Slim 6 Frisos + Led G9 5w Mf 101,555,94,por Forteled,,
https://http2.mlstatic.com/D_NQ_NP_681635-MLU75141939544_032024-W.webp,Luminária Arandela Industrial Retrô Vintage Paris Marrom 110V/220V,72,60,,4.6,(34)
https://http2.mlstatic.com/D_NQ_NP_626811-MLU69682254833_052023-W.webp,Arandela Slim Quatros Fachos Preta 6w Pix Iluminação Cor Preto 110V/220V,55,33,,4.6,(28)
https://http2.mlstatic.com/D_NQ_NP_967269-MLB76026145805_042024-W.webp,10x Arandelas Mini Slim 2 Focos Parede Externa Muro Mf143,204,74,por WS Distribuidora,,
https://http2.mlstatic.com/D_NQ_NP_846262-MLU73480605460_122023-W.webp,6x Arandela Externa 2 Focos Friso Parede Muro + Led Incluso Cor Branco Led Frio,233,99,por DAZ Iluminacao,4.8,(203)
https://http2.mlstatic.com/D_NQ_NP_630694-MLB73139978850_122023-W.webp,Arandela Alumínio 5 Vidros Foco Externa Muro Parede E27 ,52,75,,4.7,(487)
https://http2.mlstatic.com/D_NQ_NP_714642-MLB73915574176_012024-W.webp,Arandela Externa Slim 2 Focos 6 Frisos Parede Ar1116 Full,24,90,por Ideallume,4.6,(53)
https://http2.mlstatic.com/D_NQ_NP_848565-MLU74225617302_022024-W.webp,Arandela De Parede Externa 6w Luminária Efeito Cor Preto,42,99,por DAZ Iluminacao,4.5,(35)
https://http2.mlstatic.com/D_NQ_NP_656423-MLU73552307639_122023-W.webp,Arandela Suegil Triângulo Pequena Liza Cor Branco,43,85,,5.0,(8)
https://http2.mlstatic.com/D_NQ_NP_769608-MLU74413883690_022024-W.webp,Arandela De Parede Com Luz Solar Sensor De Presença Cor Preto,23,40,,4.1,(167)
https://http2.mlstatic.com/D_NQ_NP_875728-MLB71518085101_092023-W.webp,1x Arandela Frisos E Facho Externa + Led G9 5w Mf115,38,84,por Forteled,4.7,(854)
https://http2.mlstatic.com/D_NQ_NP_746519-MLB72903458255_112023-W.webp,Arandela Slim 2 Focos Parede Externa/interna  + Led G9 12w,39,99,,4.7,(6)
https://http2.mlstatic.com/D_NQ_NP_629444-MLA53071129303_122022-W.webp,Arandela Externa Interna De Efeito Preta 4 Fachos Led 4w Luz Branco Quente 3000k - Embuled,46,38,,4.8,(38)
https://http2.mlstatic.com/D_NQ_NP_933569-MLU69357446225_052023-W.webp,Pendente Arandela Colonial Sextavada Ideal Iluminação Preta 110V 220V (Bivolt),84,90,,4.7,(545)
https://http2.mlstatic.com/D_NQ_NP_984139-MLU73480605056_122023-W.webp,13x Arandela Externa 2 Focos Friso Parede Muro + Led Incluso Cor Marrom Led Quente,494,99,por DAZ Iluminacao,4.8,(203)
https://http2.mlstatic.com/D_NQ_NP_879461-MLU75954458200_052024-W.webp,7x Arandela Externa Cubo 10 Frisos C Base Mf122,268,73,por Forteled,,
https://http2.mlstatic.com/D_NQ_NP_914956-MLU73574519195_122023-W.webp,7x Arandela Externa 2 Focos Friso Parede Muro + Led Incluso Cor Preto Led Frio,261,99,por DAZ Iluminacao,4.8,(203)
https://http2.mlstatic.com/D_NQ_NP_841106-MLB76026205405_042024-W.webp,10x Arandelas Mini Slim 2 Focos De Parede Externa Muro Mf143,219,15,por WS Distribuidora,,
https://http2.mlstatic.com/D_NQ_NP_677119-MLB31047935777_062019-W.webp,25 Arandela Led 5w 2 Fachos Dois Focos Externa Alumínio,614,46,,,
https://http2.mlstatic.com/D_NQ_NP_730866-MLB76652148143_052024-W.webp,7x Arandela Elegance Externa 2 Fachos Led 4w 3000k Ip65,382,10,,,
https://http2.mlstatic.com/D_NQ_NP_933161-MLU75811686970_042024-W.webp,6x Arandela Externa 2 Focos Friso Parede Muro + Led Incluso Cor Preto Led Frio,233,99,por DAZ Iluminacao,4.8,(203)
https://http2.mlstatic.com/D_NQ_NP_910751-MLB29645114109_032019-W.webp,5 Arandela 5 Vidros Retangular Alumínio Muro Parede Ext Cor Branco 110V/220V,225,75,,4.7,(9)
https://http2.mlstatic.com/D_NQ_NP_913450-MLB75801804531_042024-W.webp,Arandela Slim 2 Fachos Uso Externo Interno Led Integrado 4w,59,99,,4.9,(14)
https://http2.mlstatic.com/D_NQ_NP_915514-MLU73566750975_122023-W.webp,5 Arandela 5 Vidros Retangular Alumínio Muro Parede Ext Cor Preto 110V/220V,225,75,,4.7,(9)
https://http2.mlstatic.com/D_NQ_NP_797959-MLU73600341774_122023-W.webp,Arandela Eco E27 Soquete Comum 2 Frisos 2 Foco Marrom Mf131 110V/220V,31,14,por Guardiao Shop,,
https://http2.mlstatic.com/D_NQ_NP_930555-MLB52240130477_112022-W.webp,Arandela Para Tempo 100 W Perfeita Áreas Externas E Paredes,34,99,,4.5,(162)
https://http2.mlstatic.com/D_NQ_NP_918944-MLU74519018613_022024-W.webp,Arandela Tartaruga Led 8w Blindado 3000k 5700k Save Energy Cor Branco-frio,13,55,,,
https://http2.mlstatic.com/D_NQ_NP_761360-MLB76500358352_052024-W.webp,10 Arandela Triangular Alumínio Muro Parede Externa Interna,460,20,,5.0,(2)
https://http2.mlstatic.com/D_NQ_NP_686773-MLB71118214835_082023-W.webp,Arandela Parede Externa Slim 2 Frisos E Focos + Led 5w Mf167,35,41,por WS Distribuidora,,
https://http2.mlstatic.com/D_NQ_NP_679027-MLB40747561788_022020-W.webp,Kit 10 Arandelas Dois Fachos 3 Frisos E27 Efeito Externo/int,349,90,,5.0,(2)
https://http2.mlstatic.com/D_NQ_NP_728088-MLU71357618428_082023-W.webp,Arandela Massuia Preta Parede Muro Externa Lente Verde,42,90,,,
https://http2.mlstatic.com/D_NQ_NP_709448-MLB54404613482_032023-W.webp,1x Arandela 1 Foco Facho E Frisos + Lâmpada Led 12w St294,48,59,por Starlumen,4.8,(26)
https://http2.mlstatic.com/D_NQ_NP_649561-MLU69668234961_052023-W.webp,10 Arandela Massuia Externa E Interna Preta Com Lâmpada Led Cor Preto 110V/220V,345,66,,4.5,(152)
https://http2.mlstatic.com/D_NQ_NP_639121-MLB75340620269_032024-W.webp,Kit 10 Arandela Led Tartaruga Bivolt 15w Branco Frio,113,80,,4.8,(22)
https://http2.mlstatic.com/D_NQ_NP_920168-MLU74156664452_012024-W.webp,Kit 4 Arandela Solar 2 Focos Parede Slim 6 Facho Led Externa Cor Preto 1.2V,109,99,por GoldenSky,4.0,(11)
https://http2.mlstatic.com/D_NQ_NP_644482-MLU73557325127_122023-W.webp,Luminária Arandela Colonial Quadrada Externa Preta Cor Preto 110V/220V,53,89,,,
https://http2.mlstatic.com/D_NQ_NP_717470-MLU75152035217_032024-W.webp,Arandela Nordecor Fit 2049 Preta 3000k,59,20,,5.0,(6)
https://http2.mlstatic.com/D_NQ_NP_963236-MLU71932724870_092023-W.webp,4x Arandela Solar 4 Focos Parede Slim 12 Fachos Led Externa Cor Branco,135,99,,4.0,(609)
https://http2.mlstatic.com/D_NQ_NP_703920-MLB32910267803_112019-W.webp,Kit 16 Arandelas Externa Slim Dois Fachos Luminária Parede ,315,16,,,
https://http2.mlstatic.com/D_NQ_NP_893933-MLU73481757486_122023-W.webp,13x Arandela Externa 2 Focos Friso Parede Muro + Led Incluso Cor Preto Led Quente,494,99,por DAZ Iluminacao,4.8,(203)
https://http2.mlstatic.com/D_NQ_NP_990487-MLB52319294750_112022-W.webp,Luminária Arandela Parede Colonial Vintage Externa Quadrado Cor Ouro Velho 110V/220V,78,48,,4.5,(594)
https://http2.mlstatic.com/D_NQ_NP_847054-MLU69863658455_062023-W.webp,Arandela Parede Vintage Uno Joy Retro Br Soquete E27,32,90,,,
https://http2.mlstatic.com/D_NQ_NP_677670-MLU73502807297_122023-W.webp,Arandela Alumínio 5 Vidros Com 45 Cm Para 2x Lâmpadas E27 Cor Branco,128,85,,4.9,(20)
https://http2.mlstatic.com/D_NQ_NP_944628-MLU73481294152_122023-W.webp,7x Arandela Externa 2 Focos Friso Parede Muro + Led Incluso Cor Marrom Led Frio,261,99,por DAZ Iluminacao,4.8,(203)
https://http2.mlstatic.com/D_NQ_NP_874542-MLB49693146844_042022-W.webp,Plafon Led Luminaria Embutir Painel Teto 18w Avant Bivolt 110V/220V,23,90,,4.7,(2966)
https://http2.mlstatic.com/D_NQ_NP_857103-MLB47352629421_092021-W.webp,Arandela Elegance Led Due 3w 3000k Café - Avant,65,90,,,
https://http2.mlstatic.com/D_NQ_NP_724400-MLU73630297588_122023-W.webp,17x Arandela Externa 2 Focos Friso Parede Muro + Led Incluso Cor Preto Led Quente,628,99,por DAZ Iluminacao,4.8,(203)
https://http2.mlstatic.com/D_NQ_NP_604504-MLU74987631140_032024-W.webp,01 Arandela Externa Box Dois Focos Efeito Parede Interna Cor Preto 110v/220v,25,50,,5.0,(3)
https://http2.mlstatic.com/D_NQ_NP_870484-MLU74220027728_012024-W.webp,Arandela Espiral Moderna Interna Aluminio Decorações Cor Marrom,39,90,,4.9,(21)
https://http2.mlstatic.com/D_NQ_NP_873583-MLU73475476450_122023-W.webp,Arandela P/ Tempo 100 W Perfeita P/ Áreas Externas E Paredes Cor Prateado 110V/220V,29,90,,4.4,(36)
https://http2.mlstatic.com/D_NQ_NP_739538-MLU73529830647_122023-W.webp,Arandela 2 Focos Efeito 6 Frisos Alumínio Externa St2754 Cor Marrom 110v/220v,46,53,por Starlumen,4.7,(28)
https://http2.mlstatic.com/D_NQ_NP_748821-MLU74974311194_032024-W.webp,Luminária arandela de parede Starlumen ST294 110V/220V,35,52,por Starlumen,4.8,(44)
https://http2.mlstatic.com/D_NQ_NP_864065-MLB54337612769_032023-W.webp,3 Luminária Arandela Led Preta 8w Parede Externa 8 Fachos,145,50,por CasaLed Mais,4.4,(155)
https://http2.mlstatic.com/D_NQ_NP_870484-MLU74220027728_012024-W.webp,Arandela Espiral Moderna Interna Aluminio Decorações Cor Marrom,39,90,,4.9,(21)
https://http2.mlstatic.com/D_NQ_NP_873583-MLU73475476450_122023-W.webp,Arandela P/ Tempo 100 W Perfeita P/ Áreas Externas E Paredes Cor Prateado 110V/220V,29,90,,4.4,(36)
https://http2.mlstatic.com/D_NQ_NP_720776-MLB52911270671_122022-W.webp,Kit 20 Peças Arandela Facho De Luz Parede Muro  E27 Padrão,589,90,,5.0,(3)
https://http2.mlstatic.com/D_NQ_NP_620154-MLB50400226829_062022-W.webp,1x Arandela Slim 2 Frisos 2 Focos Externa + Led G9 5w,40,96,por WS Distribuidora,4.8,(4)
https://http2.mlstatic.com/D_NQ_NP_981767-MLU69857229837_062023-W.webp,Arandela Led 4w Branco Quente Ctb,35,54,,4.8,(17)
https://http2.mlstatic.com/D_NQ_NP_759316-MLB50076873190_052022-W.webp,Kit C/ 2 Luminária Arandela Colonial Externa Sextavada Pta,125,80,,4.7,(34)
https://http2.mlstatic.com/D_NQ_NP_941127-MLB74757128865_022024-W.webp,Arandela De Parede Pendente Luminária Aramado Diamante Preto,29,90,,4.7,(322)
https://http2.mlstatic.com/D_NQ_NP_889632-MLU73476153824_122023-W.webp,Arandela Box Com Abas Efeito Luminária Externa Cor Branco,57,90,por DAZ Iluminacao,4.4,(67)
https://http2.mlstatic.com/D_NQ_NP_683026-MLB51389779855_092022-W.webp,Kit 6 Arandelas Tartaruga Luminária Externa E27,99,90,,4.6,(82)
https://http2.mlstatic.com/D_NQ_NP_945919-MLU75724088136_042024-W.webp,Arandela Led 8w Externa Facho Duplo Regulavel Ajustavel,70,90,,,
https://http2.mlstatic.com/D_NQ_NP_646167-MLU73573492291_122023-W.webp,13x Arandela Externa 2 Focos Friso Parede Muro + Led Incluso Cor Marrom Led Frio,494,99,por DAZ Iluminacao,4.8,(203)
https://http2.mlstatic.com/D_NQ_NP_903491-MLU73603260097_122023-W.webp,13x Arandela Externa 2 Focos Friso Parede Muro + Led Incluso Cor Branco Led Frio,494,99,por DAZ Iluminacao,4.8,(203)
https://http2.mlstatic.com/D_NQ_NP_865191-MLB54813235478_042023-W.webp,4x Arandela Externa 2 Focos Friso Parede Muro + Led Incluso,149,99,por DAZ Iluminacao,4.7,(51)
https://http2.mlstatic.com/D_NQ_NP_704038-MLB54748227185_032023-W.webp,Kit 12 Arandela 4 Vidros Triângulo Alumínio Externa E27 Muro,540,35,,,
https://http2.mlstatic.com/D_NQ_NP_613801-MLB52041865667_102022-W.webp,Arandela Triangular Alumínio Ideal Lustre Externo Parede 283,54,90,,4.8,(4)
https://http2.mlstatic.com/D_NQ_NP_754301-MLU74991125698_032024-W.webp,6x Arandela Externa 2 Focos Friso Parede Muro + Led Incluso Cor Preto Led Quente,233,99,por DAZ Iluminacao,4.8,(203)
https://http2.mlstatic.com/D_NQ_NP_800672-MLB31730704768_082019-W.webp,Arandela Parede Muro Com 5 Vidros 40cm Externo Interno 1013a,120,0,,4.7,(109)
https://http2.mlstatic.com/D_NQ_NP_928832-MLU73480635034_122023-W.webp,6x Arandela Externa 2 Focos Friso Parede Muro + Led Incluso Cor Marrom Led Quente,233,99,por DAZ Iluminacao,4.8,(203)
https://http2.mlstatic.com/D_NQ_NP_805902-MLU73563724551_122023-W.webp,Luminária Arandela Led Para Parede Interna E Externa 80cm Cor Preto BIVOLT,299,80,,4.7,(32)
https://http2.mlstatic.com/D_NQ_NP_893289-MLU71900808278_092023-W.webp,Arandela Quadrada 2 Fachos Uso Externo Interno Mf105 Cor Preto 110V/220V,30,97,por Forteled,4.7,(3)
https://http2.mlstatic.com/D_NQ_NP_603308-MLU72010189675_092023-W.webp,5x Arandela Externa 2 Focos Friso Parede Muro + Led Incluso Cor Marrom Led Frio,194,99,por DAZ Iluminacao,4.8,(203)
https://http2.mlstatic.com/D_NQ_NP_960923-MLA32722027758_102019-W.webp,Luminária colonial led de parede Ideal Iluminação Venus 210 cor preto,158,90,,4.9,(38)
https://http2.mlstatic.com/D_NQ_NP_706439-MLU71900818220_092023-W.webp,Arandela Externa 2 Fachos E27 Vidro Externa Cor Branco 110V/220V,43,67,por Forteled,4.9,(9)
https://http2.mlstatic.com/D_NQ_NP_985514-MLU69357448693_052023-W.webp,Arandela Germany Mince Led 4w 3000k Bivolt Branco,42,9,,5.0,(3)
https://http2.mlstatic.com/D_NQ_NP_876672-MLU75116391795_032024-W.webp,"2x Arandela Externa Duplo Foco Longo + 2 Led Dicroica 6,5w Cor Branco Led Frio",139,99,por DAZ Iluminacao,4.8,(64)
https://http2.mlstatic.com/D_NQ_NP_820954-MLB72182523084_102023-W.webp,Kit 12 Arandelas Slim 2 Focos Parede  + Led G9 12w Oferta,456,21,,,
https://http2.mlstatic.com/D_NQ_NP_954400-MLB71470877889_092023-W.webp,Arandela De Parede Jabuticaba Globo De 12cm Industrial Full,78,90,,4.8,(81)
https://http2.mlstatic.com/D_NQ_NP_941894-MLB76498256332_052024-W.webp,2 Arandela 3 Vidros Retangular Alumínio Muro Parede Externa,140,80,,4.6,(19)
https://http2.mlstatic.com/D_NQ_NP_835430-MLB73826703022_012024-W.webp,Kit 6 Arandelas 2 Focos Frisos Externa Interna Parede Ar1015,139,90,por Ideallume,4.8,(68)
https://http2.mlstatic.com/D_NQ_NP_831236-MLB70842879763_082023-W.webp,Kit 9 Arandelas Slim 2 Focos Parede  + Led G9 12w Oferta,325,51,,,
https://http2.mlstatic.com/D_NQ_NP_653013-MLB46092912764_052021-W.webp,10 Luminária Arandela Soquete Comum E27 3 Frisos 2 Fachos,345,90,,,
https://http2.mlstatic.com/D_NQ_NP_850119-MLB75658000668_042024-W.webp,Kit 02 Arandelas Suegil Firenze - Lanterna Para Parede ,135,12,,4.8,(54)
https://http2.mlstatic.com/D_NQ_NP_694584-MLU75151766575_032024-W.webp,5x Arandela Externa 2 Focos Friso Parede Muro + Led Incluso Cor Branco Led Frio,194,99,por DAZ Iluminacao,4.8,(203)
https://http2.mlstatic.com/D_NQ_NP_907407-MLU71900818214_092023-W.webp,Arandela Externa 2 Fachos E27 Vidro Externa Cor Marrom 110V/220V,43,67,por Forteled,4.9,(9)
https://http2.mlstatic.com/D_NQ_NP_669265-MLB74470905855_022024-W.webp,Kit Com 15 Arandela Slim 2 Frisos E 2 Fachos ,285,63,,5.0,(5)
https://http2.mlstatic.com/D_NQ_NP_858329-MLU75127664119_032024-W.webp,Arandela Externa 5 Vidros Alumínio Muro Parede E27 + Led 9w Cor Preto Led Frio,54,99,por DAZ Iluminacao,4.5,(6)
https://http2.mlstatic.com/D_NQ_NP_670310-MLU73801866729_012024-W.webp,Arandela Externa 5 Vidros Alumínio Muro Parede E27 + Led 9w Cor Preto Led Quente,54,99,por DAZ Iluminacao,4.5,(6)
https://http2.mlstatic.com/D_NQ_NP_730835-MLB49648633141_042022-W.webp,Luminária Pendente Colonial Quadrado L2c Preto .. 110V/220V,61,50,,4.7,(113)
https://http2.mlstatic.com/D_NQ_NP_871892-MLU71043485960_082023-W.webp,Arandela Externa Interna 4w Preta Led Mince 2 Facho 3000k Cor Preto 110V/220V,57,56,,,
https://http2.mlstatic.com/D_NQ_NP_814786-MLB49977546172_052022-W.webp,Arandela Quadrada 5 Lados Externa Alumínio Bolt Preta Ideal Cor Preto 110V/220V,44,49,,,
https://http2.mlstatic.com/D_NQ_NP_914881-MLU73504075191_122023-W.webp,Luminária Arandela Led Para Parede Interna 80cm Slim Branco Cor Preto bivolt,189,80,,4.7,(32)
https://http2.mlstatic.com/D_NQ_NP_666584-MLB54907554301_042023-W.webp,01 Arandela Parede Muro + Led G9 9w Alto Perfomance Quadrado,30,0,,4.2,(49)
https://http2.mlstatic.com/D_NQ_NP_607723-MLB51984599438_102022-W.webp,Luminária Tartaruga Arandela Prova D'água Externa Taschibra 110V/220V,29,99,,4.6,(58)
https://http2.mlstatic.com/D_NQ_NP_783765-MLU71937511545_092023-W.webp,Arandela Espiral Moderna Interna Aluminio Decorações Cor Preto,39,90,por Ideallume,4.9,(21)
https://http2.mlstatic.com/D_NQ_NP_761360-MLU75359156559_032024-W.webp,Arandela De Efeito Com 30cm E 6 Fachos Externa Muro E27 Cor Marrom 110v/220v,52,90,por DAZ Iluminacao,4.8,(12)
https://http2.mlstatic.com/D_NQ_NP_888910-MLB73283707267_122023-W.webp,1 Arandela Externa Interna + Lente Colorida + 1 Lâmpada Led ,51,90,,4.3,(41)
https://http2.mlstatic.com/D_NQ_NP_823448-MLU74088496031_012024-W.webp,Arandela Slim Inter Externa Alumínio 2 Friso Moderna St2527 Cor Preto 110V/220V,18,27,,4.6,(439)
https://http2.mlstatic.com/D_NQ_NP_972754-MLB69856252047_062023-W.webp,Luminária Arandela Tartaruga Externa Com Grade e-27 Branca,19,90,,4.6,(192)
https://http2.mlstatic.com/D_NQ_NP_653196-MLU75210004232_032024-W.webp,Trilho Eletrificado Preto 1m + 4 Spots 7w Qualidade Cor Preto Quente,63,44,,4.8,(64)
https://http2.mlstatic.com/D_NQ_NP_629595-MLB44600156383_012021-W.webp,Balizador Fit 2w 3000k Bivolt Ip65 Preto Em Abs 110V/220V,34,18,,4.4,(10)
https://http2.mlstatic.com/D_NQ_NP_964359-MLU73566749425_122023-W.webp,2 Luminárias Arandela Meia Lua (preta) 8w E 8 Fachos De Luz Cor Preto Bivolt,65,32,,4.0,(4)
https://http2.mlstatic.com/D_NQ_NP_683026-MLB51389779855_092022-W.webp,Kit 6 Arandelas Tartaruga Luminária Externa E27,99,90,,4.6,(82)
https://http2.mlstatic.com/D_NQ_NP_939110-MLB52113764902_102022-W.webp,Arandela Led Tartaruga Phare 24w Ilum Externa À Prova D'água Cor Branco,31,12,,4.7,(387)
https://http2.mlstatic.com/D_NQ_NP_977058-MLB48881445518_012022-W.webp,6 Balizador 4x2 Sobrepor Led Fit Slim 2w Parede Escada Muro,198,70,,4.8,(29)
https://http2.mlstatic.com/D_NQ_NP_964359-MLU73566749425_122023-W.webp,2 Luminárias Arandela Meia Lua (preta) 8w E 8 Fachos De Luz Cor Preto Bivolt,65,32,,4.0,(4)
https://http2.mlstatic.com/D_NQ_NP_656473-MLB72098747106_102023-W.webp,Arandela De Parede Hummer Flat 12w Branco Frio Avant,64,58,,,
https://http2.mlstatic.com/D_NQ_NP_885944-MLB70906941621_082023-W.webp,Kit 2 Arandela Parede Interna Externa 2 Friso C/ Led Preto,59,99,,,
https://http2.mlstatic.com/D_NQ_NP_695882-MLB41663012233_052020-W.webp,Lustre Pendente Externo Pergolado Preto Termoplastico Alz14 110V/220V (Bivolt),57,50,,4.5,(25)
https://http2.mlstatic.com/D_NQ_NP_929182-MLB69924214873_062023-W.webp,Luminária Arandela Tartaruga Branca 10w Externa Parede Teto ,21,69,,4.8,(5)
https://http2.mlstatic.com/D_NQ_NP_926768-MLU73468114800_122023-W.webp,Luminaria Ufo Led 200w Galpao Bivolt Industrial Frio Cor Preto 110V 220V (Bivolt),129,54,,5.0,(7)
https://http2.mlstatic.com/D_NQ_NP_633005-MLB74546141802_022024-W.webp,Luminaria Tartaruga Arandela Led 20w Externa Parede Muro,29,90,,4.7,(6)
https://http2.mlstatic.com/D_NQ_NP_965587-MLB72088224371_102023-W.webp,Arandela 2 Focos 8 Facho Efeito Garagem Externa Interna 8w,48,60,por CasaLed Mais,4.6,(140)
https://http2.mlstatic.com/D_NQ_NP_625378-MLB72109726493_102023-W.webp,Arandela Efeito 6 Frisos Alumínio Externa + Led G9 St2754,49,66,por Starlumen,4.8,(166)
https://http2.mlstatic.com/D_NQ_NP_658717-MLU69354903809_052023-W.webp,Arandela Effekt Bivolt 4w 240lm 3000k Ip65 Stella Sth6735/30 Cor Preto 100-240V,227,65,,,
https://http2.mlstatic.com/D_NQ_NP_897193-MLB74869374144_032024-W.webp,Kit 17 Arandela Meia Lua Led Pto 3 Focos 6w Luz 3000k Ip66 ,388,90,,,
https://http2.mlstatic.com/D_NQ_NP_881088-MLB73951664524_012024-W.webp,Arandela Parede Externa Clessidra Led 6w 3000k 3 Fachos Ip65,78,50,,,
https://http2.mlstatic.com/D_NQ_NP_755329-MLU74973121765_032024-W.webp,Arandela Externo Interno Luminaria Colonial Premium Vintage Cor Marrom VINTAGE 110V/220V,208,90,,4.9,(79)
https://http2.mlstatic.com/D_NQ_NP_686646-MLB74869482716_032024-W.webp,Kit 5 Arandela Meia Lua Led Pto 3 Focos 6w Luz 3000k Ip66 ,139,51,,4.8,(5)
https://http2.mlstatic.com/D_NQ_NP_805676-MLB40416876276_012020-W.webp,8 Arandela Led 5w Slim Dois Fachos Luminária Parede Externa ,319,20,,5.0,(2)
https://http2.mlstatic.com/D_NQ_NP_964412-MLU74860761501_032024-W.webp,Luminária Tartaruga Blindada De Alumínio 60w V. Transparente Cor Branco,73,40,,,
https://http2.mlstatic.com/D_NQ_NP_890562-MLB72339674953_102023-W.webp,Arandela De Parede Externa 1 Lâmpada Ip44 Plástico Milda In,216,90,por Leroy Merlin,,
